fase,posicao,f1_macro_medio,desvio_padrao,vocabulario_medio,vetorizador,n_max,ordem,ordens_equivalentes,e_a_ordem_padrao,minusculas,remover_acentos,remover_pontuacao,remover_numeros,stopwords,morfologia,tokenizacao
1,1,0.848043,0.065176,279.6,bow,1,remover_numeros,1,False,False,False,False,True,manter,nenhuma,regex
1,2,0.848043,0.065176,279.6,bow,1,remover_numeros,1,False,False,False,False,True,manter,nenhuma,linguistico
1,3,0.848043,0.065176,277.2,bow,1,remover_acentos>remover_numeros,1,False,False,True,False,True,manter,nenhuma,regex
1,4,0.848043,0.065176,277.2,bow,1,remover_acentos>remover_numeros,1,False,False,True,False,True,manter,nenhuma,linguistico
1,5,0.847362,0.090051,284.2,bow,1,minusculas,1,True,True,False,False,False,manter,nenhuma,regex
1,6,0.847362,0.090051,284.2,bow,1,minusculas,1,True,True,False,False,False,manter,nenhuma,linguistico
1,7,0.846463,0.091898,274.8,bow,1,minusculas>remover_numeros,1,False,True,False,False,True,manter,nenhuma,regex
1,8,0.846463,0.091898,274.8,bow,1,minusculas>remover_numeros,1,False,True,False,False,True,manter,nenhuma,linguistico
1,9,0.846463,0.091898,271.6,bow,1,minusculas>remover_acentos>remover_numeros,1,False,True,True,False,True,manter,nenhuma,regex
1,10,0.846463,0.091898,271.6,bow,1,minusculas>remover_acentos>remover_numeros,1,False,True,True,False,True,manter,nenhuma,linguistico
1,11,0.840170,0.081119,289.0,bow,1,,1,True,False,False,False,False,manter,nenhuma,regex
1,12,0.840170,0.081119,289.0,bow,1,,1,True,False,False,False,False,manter,nenhuma,linguistico
1,13,0.840170,0.081119,286.6,bow,1,remover_acentos,1,False,False,True,False,False,manter,nenhuma,regex
1,14,0.840170,0.081119,286.6,bow,1,remover_acentos,1,False,False,True,False,False,manter,nenhuma,linguistico
1,15,0.839077,0.107285,281.0,bow,1,minusculas>remover_acentos,1,True,True,True,False,False,manter,nenhuma,regex
1,16,0.839077,0.107285,281.0,bow,1,minusculas>remover_acentos,1,True,True,True,False,False,manter,nenhuma,linguistico
1,17,0.837903,0.098464,232.2,tfidf,1,minusculas>morfologia,1,False,True,False,False,False,manter,lematizacao,split
1,18,0.837903,0.098464,232.2,tfidf,1,minusculas>morfologia,1,False,True,False,False,False,manter,lematizacao,regex
1,19,0.837903,0.098464,232.2,tfidf,1,minusculas>morfologia,1,False,True,False,False,False,manter,lematizacao,linguistico
1,20,0.837473,0.087376,242.4,bow,1,morfologia,1,False,False,False,False,False,manter,lematizacao,split
1,21,0.837473,0.087376,242.4,bow,1,morfologia,1,False,False,False,False,False,manter,lematizacao,regex
1,22,0.837473,0.087376,242.4,bow,1,morfologia,1,False,False,False,False,False,manter,lematizacao,linguistico
1,23,0.837473,0.087376,233.0,bow,1,remover_numeros>morfologia,1,False,False,False,False,True,manter,lematizacao,split
1,24,0.837473,0.087376,233.0,bow,1,remover_numeros>morfologia,1,False,False,False,False,True,manter,lematizacao,regex
1,25,0.837473,0.087376,233.0,bow,1,remover_numeros>morfologia,1,False,False,False,False,True,manter,lematizacao,linguistico
1,26,0.829704,0.091536,222.8,tfidf,1,minusculas>remover_numeros>morfologia,1,False,True,False,False,True,manter,lematizacao,split
1,27,0.829704,0.091536,222.8,tfidf,1,minusculas>remover_numeros>morfologia,1,False,True,False,False,True,manter,lematizacao,regex
1,28,0.829704,0.091536,222.8,tfidf,1,minusculas>remover_numeros>morfologia,1,False,True,False,False,True,manter,lematizacao,linguistico
1,29,0.829238,0.100227,232.2,bow,1,minusculas>morfologia,1,False,True,False,False,False,manter,lematizacao,split
1,30,0.829238,0.100227,232.2,bow,1,minusculas>morfologia,1,False,True,False,False,False,manter,lematizacao,regex
1,31,0.829238,0.100227,232.2,bow,1,minusculas>morfologia,1,False,True,False,False,False,manter,lematizacao,linguistico
1,32,0.829238,0.100227,222.8,bow,1,minusculas>remover_numeros>morfologia,1,False,True,False,False,True,manter,lematizacao,split
1,33,0.829238,0.100227,222.8,bow,1,minusculas>remover_numeros>morfologia,1,False,True,False,False,True,manter,lematizacao,regex
1,34,0.829238,0.100227,222.8,bow,1,minusculas>remover_numeros>morfologia,1,False,True,False,False,True,manter,lematizacao,linguistico
1,35,0.827907,0.085478,247.2,bow,1,remover_acentos>morfologia,1,False,False,True,False,False,manter,lematizacao,split
1,36,0.827907,0.085478,247.2,bow,1,remover_acentos>morfologia,1,False,False,True,False,False,manter,lematizacao,regex
1,37,0.827907,0.085478,247.2,bow,1,remover_acentos>morfologia,1,False,False,True,False,False,manter,lematizacao,linguistico
1,38,0.821916,0.078162,237.8,tfidf,1,remover_acentos>remover_numeros>morfologia,1,False,False,True,False,True,manter,lematizacao,split
1,39,0.821916,0.078162,237.8,tfidf,1,remover_acentos>remover_numeros>morfologia,1,False,False,True,False,True,manter,lematizacao,regex
1,40,0.821916,0.078162,237.8,tfidf,1,remover_acentos>remover_numeros>morfologia,1,False,False,True,False,True,manter,lematizacao,linguistico
1,41,0.821861,0.083574,237.8,tfidf,1,minusculas>remover_acentos>morfologia,1,False,True,True,False,False,manter,lematizacao,split
1,42,0.821861,0.083574,237.8,tfidf,1,minusculas>remover_acentos>morfologia,1,False,True,True,False,False,manter,lematizacao,regex
1,43,0.821861,0.083574,237.8,tfidf,1,minusculas>remover_acentos>morfologia,1,False,True,True,False,False,manter,lematizacao,linguistico
1,44,0.821861,0.083574,228.4,tfidf,1,minusculas>remover_acentos>remover_numeros>morfologia,1,False,True,True,False,True,manter,lematizacao,split
1,45,0.821861,0.083574,228.4,tfidf,1,minusculas>remover_acentos>remover_numeros>morfologia,1,False,True,True,False,True,manter,lematizacao,regex
1,46,0.821861,0.083574,228.4,tfidf,1,minusculas>remover_acentos>remover_numeros>morfologia,1,False,True,True,False,True,manter,lematizacao,linguistico
1,47,0.820905,0.117291,237.8,bow,1,minusculas>remover_acentos>morfologia,1,False,True,True,False,False,manter,lematizacao,split
1,48,0.820905,0.117291,237.8,bow,1,minusculas>remover_acentos>morfologia,1,False,True,True,False,False,manter,lematizacao,regex
1,49,0.820905,0.117291,237.8,bow,1,minusculas>remover_acentos>morfologia,1,False,True,True,False,False,manter,lematizacao,linguistico
1,50,0.820905,0.117291,228.4,bow,1,minusculas>remover_acentos>remover_numeros>morfologia,1,False,True,True,False,True,manter,lematizacao,split
1,51,0.820905,0.117291,228.4,bow,1,minusculas>remover_acentos>remover_numeros>morfologia,1,False,True,True,False,True,manter,lematizacao,regex
1,52,0.820905,0.117291,228.4,bow,1,minusculas>remover_acentos>remover_numeros>morfologia,1,False,True,True,False,True,manter,lematizacao,linguistico
1,53,0.820783,0.100112,237.8,bow,1,remover_acentos>remover_numeros>morfologia,1,False,False,True,False,True,manter,lematizacao,split
1,54,0.820783,0.100112,237.8,bow,1,remover_acentos>remover_numeros>morfologia,1,False,False,True,False,True,manter,lematizacao,regex
1,55,0.820783,0.100112,237.8,bow,1,remover_acentos>remover_numeros>morfologia,1,False,False,True,False,True,manter,lematizacao,linguistico
1,56,0.818821,0.069835,227.2,tfidf,1,morfologia,1,False,False,False,False,False,manter,stemming,regex
1,57,0.818821,0.069835,227.2,tfidf,1,morfologia,1,False,False,False,False,False,manter,stemming,linguistico
1,58,0.818821,0.069835,227.2,tfidf,1,minusculas>morfologia,1,False,True,False,False,False,manter,stemming,regex
1,59,0.818821,0.069835,227.2,tfidf,1,minusculas>morfologia,1,False,True,False,False,False,manter,stemming,linguistico
1,60,0.813307,0.078068,233.0,tfidf,1,remover_numeros>morfologia,1,False,False,False,False,True,manter,lematizacao,split
1,61,0.813307,0.078068,233.0,tfidf,1,remover_numeros>morfologia,1,False,False,False,False,True,manter,lematizacao,regex
1,62,0.813307,0.078068,233.0,tfidf,1,remover_numeros>morfologia,1,False,False,False,False,True,manter,lematizacao,linguistico
1,63,0.813064,0.082685,289.0,tfidf,1,,1,True,False,False,False,False,manter,nenhuma,regex
1,64,0.813064,0.082685,289.0,tfidf,1,,1,True,False,False,False,False,manter,nenhuma,linguistico
1,65,0.813064,0.082685,286.6,tfidf,1,remover_acentos,1,False,False,True,False,False,manter,nenhuma,regex
1,66,0.813064,0.082685,286.6,tfidf,1,remover_acentos,1,False,False,True,False,False,manter,nenhuma,linguistico
1,67,0.812929,0.079099,247.2,tfidf,1,remover_acentos>morfologia,1,False,False,True,False,False,manter,lematizacao,split
1,68,0.812929,0.079099,247.2,tfidf,1,remover_acentos>morfologia,1,False,False,True,False,False,manter,lematizacao,regex
1,69,0.812929,0.079099,247.2,tfidf,1,remover_acentos>morfologia,1,False,False,True,False,False,manter,lematizacao,linguistico
1,70,0.812601,0.102144,217.8,bow,1,remover_numeros>morfologia,1,False,False,False,False,True,manter,stemming,regex
1,71,0.812601,0.102144,217.8,bow,1,remover_numeros>morfologia,1,False,False,False,False,True,manter,stemming,linguistico
1,72,0.812601,0.102144,217.8,bow,1,minusculas>remover_numeros>morfologia,1,False,True,False,False,True,manter,stemming,regex
1,73,0.812601,0.102144,217.8,bow,1,minusculas>remover_numeros>morfologia,1,False,True,False,False,True,manter,stemming,linguistico
1,74,0.812494,0.071390,284.2,tfidf,1,minusculas,1,True,True,False,False,False,manter,nenhuma,regex
1,75,0.812494,0.071390,284.2,tfidf,1,minusculas,1,True,True,False,False,False,manter,nenhuma,linguistico
1,76,0.812494,0.071390,281.0,tfidf,1,minusculas>remover_acentos,1,True,True,True,False,False,manter,nenhuma,regex
1,77,0.812494,0.071390,281.0,tfidf,1,minusculas>remover_acentos,1,True,True,True,False,False,manter,nenhuma,linguistico
1,78,0.812370,0.088835,242.4,tfidf,1,morfologia,1,False,False,False,False,False,manter,lematizacao,split
1,79,0.812370,0.088835,242.4,tfidf,1,morfologia,1,False,False,False,False,False,manter,lematizacao,regex
1,80,0.812370,0.088835,242.4,tfidf,1,morfologia,1,False,False,False,False,False,manter,lematizacao,linguistico
1,81,0.811433,0.083103,217.8,tfidf,1,remover_numeros>morfologia,1,False,False,False,False,True,manter,stemming,regex
1,82,0.811433,0.083103,217.8,tfidf,1,remover_numeros>morfologia,1,False,False,False,False,True,manter,stemming,linguistico
1,83,0.811433,0.083103,217.8,tfidf,1,minusculas>remover_numeros>morfologia,1,False,True,False,False,True,manter,stemming,regex
1,84,0.811433,0.083103,217.8,tfidf,1,minusculas>remover_numeros>morfologia,1,False,True,False,False,True,manter,stemming,linguistico
1,85,0.806109,0.045507,318.6,tfidf,1,,1,True,False,False,False,False,manter,nenhuma,split
1,86,0.806109,0.045507,316.2,tfidf,1,remover_acentos,1,False,False,True,False,False,manter,nenhuma,split
1,87,0.805524,0.045695,314.6,tfidf,1,minusculas,1,True,True,False,False,False,manter,nenhuma,split
1,88,0.805524,0.045695,311.4,tfidf,1,minusculas>remover_acentos,1,True,True,True,False,False,manter,nenhuma,split
1,89,0.805044,0.078028,279.6,tfidf,1,remover_numeros,1,False,False,False,False,True,manter,nenhuma,regex
1,90,0.805044,0.078028,279.6,tfidf,1,remover_numeros,1,False,False,False,False,True,manter,nenhuma,linguistico
1,91,0.805007,0.128751,219.2,bow,1,remover_acentos>remover_numeros>morfologia,1,False,False,True,False,True,manter,stemming,regex
1,92,0.805007,0.128751,219.2,bow,1,remover_acentos>remover_numeros>morfologia,1,False,False,True,False,True,manter,stemming,linguistico
1,93,0.805007,0.128751,219.2,bow,1,minusculas>remover_acentos>remover_numeros>morfologia,1,False,True,True,False,True,manter,stemming,regex
1,94,0.805007,0.128751,219.2,bow,1,minusculas>remover_acentos>remover_numeros>morfologia,1,False,True,True,False,True,manter,stemming,linguistico
1,95,0.804474,0.065853,274.8,tfidf,1,minusculas>remover_numeros,1,False,True,False,False,True,manter,nenhuma,regex
1,96,0.804474,0.065853,274.8,tfidf,1,minusculas>remover_numeros,1,False,True,False,False,True,manter,nenhuma,linguistico
1,97,0.797968,0.019529,318.6,bow,1,,1,True,False,False,False,False,manter,nenhuma,split
1,98,0.797874,0.043122,309.0,tfidf,1,remover_numeros,1,False,False,False,False,True,manter,nenhuma,split
1,99,0.796967,0.077361,277.2,tfidf,1,remover_acentos>remover_numeros,1,False,False,True,False,True,manter,nenhuma,regex
1,100,0.796967,0.077361,277.2,tfidf,1,remover_acentos>remover_numeros,1,False,False,True,False,True,manter,nenhuma,linguistico
1,101,0.796746,0.075458,219.2,tfidf,1,remover_acentos>remover_numeros>morfologia,1,False,False,True,False,True,manter,stemming,linguistico
1,102,0.796746,0.075458,219.2,tfidf,1,minusculas>remover_acentos>remover_numeros>morfologia,1,False,True,True,False,True,manter,stemming,linguistico
1,103,0.795343,0.052102,228.6,tfidf,1,remover_acentos>morfologia,1,False,False,True,False,False,manter,stemming,regex
1,104,0.795343,0.052102,228.6,tfidf,1,remover_acentos>morfologia,1,False,False,True,False,False,manter,stemming,linguistico
1,105,0.795343,0.052102,228.6,tfidf,1,minusculas>remover_acentos>morfologia,1,False,True,True,False,False,manter,stemming,regex
1,106,0.795343,0.052102,228.6,tfidf,1,minusculas>remover_acentos>morfologia,1,False,True,True,False,False,manter,stemming,linguistico
1,107,0.795174,0.086451,227.2,bow,1,morfologia,1,False,False,False,False,False,manter,stemming,regex
1,108,0.795174,0.086451,227.2,bow,1,morfologia,1,False,False,False,False,False,manter,stemming,linguistico
1,109,0.795174,0.086451,227.2,bow,1,minusculas>morfologia,1,False,True,False,False,False,manter,stemming,regex
1,110,0.795174,0.086451,227.2,bow,1,minusculas>morfologia,1,False,True,False,False,False,manter,stemming,linguistico
1,111,0.790899,0.053928,761.8,bow,2,minusculas>remover_numeros>morfologia,1,False,True,False,False,True,manter,lematizacao,split
1,112,0.790899,0.053928,761.8,bow,2,minusculas>remover_numeros>morfologia,1,False,True,False,False,True,manter,lematizacao,regex
1,113,0.790899,0.053928,761.8,bow,2,minusculas>remover_numeros>morfologia,1,False,True,False,False,True,manter,lematizacao,linguistico
1,114,0.790769,0.066680,256.4,bow,1,remover_numeros>morfologia,1,False,False,False,False,True,manter,stemming,split
1,115,0.790769,0.066680,256.4,bow,1,minusculas>remover_numeros>morfologia,1,False,True,False,False,True,manter,stemming,split
1,116,0.789854,0.028399,306.6,tfidf,1,remover_acentos>remover_numeros,1,False,False,True,False,True,manter,nenhuma,split
1,117,0.789793,0.029973,316.2,bow,1,remover_acentos,1,False,False,True,False,False,manter,nenhuma,split
1,118,0.789401,0.036788,909.6,tfidf,2,,1,True,False,False,False,False,manter,nenhuma,regex
1,119,0.789401,0.036788,910.4,tfidf,2,,1,True,False,False,False,False,manter,nenhuma,linguistico
1,120,0.789401,0.036788,906.4,tfidf,2,remover_acentos,1,False,False,True,False,False,manter,nenhuma,regex
1,121,0.789401,0.036788,907.2,tfidf,2,remover_acentos,1,False,False,True,False,False,manter,nenhuma,linguistico
1,122,0.789079,0.030453,314.6,bow,1,minusculas,1,True,True,False,False,False,manter,nenhuma,split
1,123,0.788176,0.054456,271.6,tfidf,1,minusculas>remover_acentos>remover_numeros,1,False,True,True,False,True,manter,nenhuma,regex
1,124,0.788176,0.054456,271.6,tfidf,1,minusculas>remover_acentos>remover_numeros,1,False,True,True,False,True,manter,nenhuma,linguistico
1,125,0.787976,0.080805,256.4,tfidf,1,remover_numeros>morfologia,1,False,False,False,False,True,manter,stemming,split
1,126,0.787976,0.080805,256.4,tfidf,1,minusculas>remover_numeros>morfologia,1,False,True,False,False,True,manter,stemming,split
1,127,0.787955,0.065652,219.2,tfidf,1,remover_acentos>remover_numeros>morfologia,1,False,False,True,False,True,manter,stemming,regex
1,128,0.787955,0.065652,219.2,tfidf,1,minusculas>remover_acentos>remover_numeros>morfologia,1,False,True,True,False,True,manter,stemming,regex
1,129,0.786417,0.119801,228.6,bow,1,remover_acentos>morfologia,1,False,False,True,False,False,manter,stemming,regex
1,130,0.786417,0.119801,228.6,bow,1,remover_acentos>morfologia,1,False,False,True,False,False,manter,stemming,linguistico
1,131,0.786417,0.119801,228.6,bow,1,minusculas>remover_acentos>morfologia,1,False,True,True,False,False,manter,stemming,regex
1,132,0.786417,0.119801,228.6,bow,1,minusculas>remover_acentos>morfologia,1,False,True,True,False,False,manter,stemming,linguistico
1,133,0.781781,0.042431,885.4,bow,2,remover_numeros,1,False,False,False,False,True,manter,nenhuma,regex
1,134,0.781781,0.042431,886.2,bow,2,remover_numeros,1,False,False,False,False,True,manter,nenhuma,linguistico
1,135,0.781403,0.062603,266.0,bow,1,morfologia,1,False,False,False,False,False,manter,stemming,split
1,136,0.781403,0.062603,266.0,bow,1,minusculas>morfologia,1,False,True,False,False,False,manter,stemming,split
1,137,0.781312,0.018621,309.0,bow,1,remover_numeros,1,False,False,False,False,True,manter,nenhuma,split
1,138,0.780904,0.035534,311.4,bow,1,minusculas>remover_acentos,1,True,True,True,False,False,manter,nenhuma,split
1,139,0.780717,0.033223,305.0,tfidf,1,minusculas>remover_numeros,1,False,True,False,False,True,manter,nenhuma,split
1,140,0.780717,0.033223,301.8,tfidf,1,minusculas>remover_acentos>remover_numeros,1,False,True,True,False,True,manter,nenhuma,split
1,141,0.780142,0.113114,184.4,bow,1,remover_numeros>stopwords>morfologia,1,False,False,False,False,True,preservar_negacoes,stemming,regex
1,142,0.780142,0.113114,184.4,bow,1,remover_numeros>stopwords>morfologia,1,False,False,False,False,True,preservar_negacoes,stemming,linguistico
1,143,0.780142,0.113114,184.4,bow,1,minusculas>remover_numeros>stopwords>morfologia,1,False,True,False,False,True,preservar_negacoes,stemming,regex
1,144,0.780142,0.113114,184.4,bow,1,minusculas>remover_numeros>stopwords>morfologia,1,False,True,False,False,True,preservar_negacoes,stemming,linguistico
1,145,0.777364,0.056713,266.0,tfidf,1,morfologia,1,False,False,False,False,False,manter,stemming,split
1,146,0.777364,0.056713,266.0,tfidf,1,minusculas>morfologia,1,False,True,False,False,False,manter,stemming,split
1,147,0.774653,0.070637,220.0,bow,1,minusculas>remover_pontuacao>remover_numeros>morfologia,1,False,True,False,True,True,manter,lematizacao,split
1,148,0.774653,0.070637,220.0,bow,1,minusculas>remover_pontuacao>remover_numeros>morfologia,1,False,True,False,True,True,manter,lematizacao,regex
1,149,0.774653,0.070637,220.0,bow,1,minusculas>remover_pontuacao>remover_numeros>morfologia,1,False,True,False,True,True,manter,lematizacao,linguistico
1,150,0.774324,0.043085,909.6,bow,2,,1,True,False,False,False,False,manter,nenhuma,regex
1,151,0.774324,0.043085,910.4,bow,2,,1,True,False,False,False,False,manter,nenhuma,linguistico
1,152,0.773487,0.087970,257.2,tfidf,1,remover_acentos>remover_numeros>morfologia,1,False,False,True,False,True,manter,stemming,split
1,153,0.773487,0.087970,257.2,tfidf,1,minusculas>remover_acentos>remover_numeros>morfologia,1,False,True,True,False,True,manter,stemming,split
1,154,0.773249,0.070136,786.0,bow,2,minusculas>morfologia,1,False,True,False,False,False,manter,lematizacao,split
1,155,0.773249,0.070136,786.0,bow,2,minusculas>morfologia,1,False,True,False,False,False,manter,lematizacao,regex
1,156,0.773249,0.070136,786.0,bow,2,minusculas>morfologia,1,False,True,False,False,False,manter,lematizacao,linguistico
1,157,0.773137,0.022876,306.6,bow,1,remover_acentos>remover_numeros,1,False,False,True,False,True,manter,nenhuma,split
1,158,0.772952,0.063681,266.8,tfidf,1,remover_acentos>morfologia,1,False,False,True,False,False,manter,stemming,split
1,159,0.772952,0.063681,266.8,tfidf,1,minusculas>remover_acentos>morfologia,1,False,True,True,False,False,manter,stemming,split
1,160,0.772458,0.045455,877.2,bow,2,minusculas>remover_numeros,1,False,True,False,False,True,manter,nenhuma,regex
1,161,0.772458,0.045455,878.0,bow,2,minusculas>remover_numeros,1,False,True,False,False,True,manter,nenhuma,linguistico
1,162,0.772143,0.042426,885.4,tfidf,2,remover_numeros,1,False,False,False,False,True,manter,nenhuma,regex
1,163,0.772143,0.042426,886.2,tfidf,2,remover_numeros,1,False,False,False,False,True,manter,nenhuma,linguistico
1,164,0.771881,0.091318,806.0,bow,2,remover_numeros>morfologia,1,False,False,False,False,True,manter,stemming,linguistico
1,165,0.771881,0.091318,806.0,bow,2,minusculas>remover_numeros>morfologia,1,False,True,False,False,True,manter,stemming,linguistico
1,166,0.771871,0.075369,230.2,tfidf,1,remover_pontuacao>remover_numeros>morfologia,1,False,False,False,True,True,manter,lematizacao,split
1,167,0.771871,0.075369,230.2,tfidf,1,remover_pontuacao>remover_numeros>morfologia,1,False,False,False,True,True,manter,lematizacao,regex
1,168,0.771871,0.075369,230.2,tfidf,1,remover_pontuacao>remover_numeros>morfologia,1,False,False,False,True,True,manter,lematizacao,linguistico
1,169,0.771827,0.090378,220.0,tfidf,1,minusculas>remover_pontuacao>remover_numeros>morfologia,1,False,True,False,True,True,manter,lematizacao,split
1,170,0.771827,0.090378,220.0,tfidf,1,minusculas>remover_pontuacao>remover_numeros>morfologia,1,False,True,False,True,True,manter,lematizacao,regex
1,171,0.771827,0.090378,220.0,tfidf,1,minusculas>remover_pontuacao>remover_numeros>morfologia,1,False,True,False,True,True,manter,lematizacao,linguistico
1,172,0.771771,0.072936,207.8,tfidf,1,minusculas>remover_numeros>stopwords>morfologia,1,False,True,False,False,True,preservar_negacoes,lematizacao,split
1,173,0.771771,0.072936,207.2,tfidf,1,minusculas>remover_numeros>stopwords>morfologia,1,False,True,False,False,True,preservar_negacoes,lematizacao,regex
1,174,0.771771,0.072936,207.2,tfidf,1,minusculas>remover_numeros>stopwords>morfologia,1,False,True,False,False,True,preservar_negacoes,lematizacao,linguistico
1,175,0.770749,0.100374,229.4,tfidf,1,minusculas>remover_pontuacao>morfologia,1,False,True,False,True,False,manter,lematizacao,split
1,176,0.770749,0.100374,229.4,tfidf,1,minusculas>remover_pontuacao>morfologia,1,False,True,False,True,False,manter,lematizacao,regex
1,177,0.770749,0.100374,229.4,tfidf,1,minusculas>remover_pontuacao>morfologia,1,False,True,False,True,False,manter,lematizacao,linguistico
1,178,0.770570,0.050194,897.4,tfidf,2,minusculas>remover_acentos,1,True,True,True,False,False,manter,nenhuma,regex
1,179,0.770570,0.050194,898.2,tfidf,2,minusculas>remover_acentos,1,True,True,True,False,False,manter,nenhuma,linguistico
1,180,0.769332,0.115944,186.6,bow,1,remover_acentos>remover_numeros>stopwords>morfologia,1,False,False,True,False,True,preservar_negacoes,stemming,regex
1,181,0.769332,0.115944,186.6,bow,1,remover_acentos>remover_numeros>stopwords>morfologia,1,False,False,True,False,True,preservar_negacoes,stemming,linguistico
1,182,0.769332,0.115944,186.6,bow,1,minusculas>remover_acentos>remover_numeros>stopwords>morfologia,1,False,True,True,False,True,preservar_negacoes,stemming,regex
1,183,0.769332,0.115944,186.6,bow,1,minusculas>remover_acentos>remover_numeros>stopwords>morfologia,1,False,True,True,False,True,preservar_negacoes,stemming,linguistico
1,184,0.768261,0.163536,233.6,bow,1,minusculas>remover_numeros>stopwords,1,False,True,False,False,True,preservar_negacoes,nenhuma,regex
1,185,0.768261,0.163536,233.6,bow,1,minusculas>remover_numeros>stopwords,1,False,True,False,False,True,preservar_negacoes,nenhuma,linguistico
1,186,0.768261,0.163536,231.2,bow,1,minusculas>remover_acentos>remover_numeros>stopwords,1,False,True,True,False,True,preservar_negacoes,nenhuma,regex
1,187,0.768261,0.163536,231.2,bow,1,minusculas>remover_acentos>remover_numeros>stopwords,1,False,True,True,False,True,preservar_negacoes,nenhuma,linguistico
1,188,0.767549,0.039935,777.6,bow,2,remover_numeros>morfologia,1,False,False,False,False,True,manter,lematizacao,split
1,189,0.767549,0.039935,777.6,bow,2,remover_numeros>morfologia,1,False,False,False,False,True,manter,lematizacao,regex
1,190,0.767549,0.039935,777.6,bow,2,remover_numeros>morfologia,1,False,False,False,False,True,manter,lematizacao,linguistico
1,191,0.767506,0.065388,224.8,bow,1,minusculas>remover_acentos>remover_pontuacao>remover_numeros>morfologia,1,False,True,True,True,True,manter,lematizacao,split
1,192,0.767506,0.065388,224.8,bow,1,minusculas>remover_acentos>remover_pontuacao>remover_numeros>morfologia,1,False,True,True,True,True,manter,lematizacao,regex
1,193,0.767506,0.065388,224.8,bow,1,minusculas>remover_acentos>remover_pontuacao>remover_numeros>morfologia,1,False,True,True,True,True,manter,lematizacao,linguistico
1,194,0.766687,0.057022,230.2,bow,1,remover_pontuacao>remover_numeros>morfologia,1,False,False,False,True,True,manter,lematizacao,split
1,195,0.766687,0.057022,230.2,bow,1,remover_pontuacao>remover_numeros>morfologia,1,False,False,False,True,True,manter,lematizacao,regex
1,196,0.766687,0.057022,230.2,bow,1,remover_pontuacao>remover_numeros>morfologia,1,False,False,False,True,True,manter,lematizacao,linguistico
1,197,0.766271,0.058765,906.4,bow,2,remover_acentos,1,False,False,True,False,False,manter,nenhuma,regex
1,198,0.766271,0.058765,907.2,bow,2,remover_acentos,1,False,False,True,False,False,manter,nenhuma,linguistico
1,199,0.765002,0.044140,901.4,bow,2,minusculas,1,True,True,False,False,False,manter,nenhuma,regex
1,200,0.765002,0.044140,902.2,bow,2,minusculas,1,True,True,False,False,False,manter,nenhuma,linguistico
1,201,0.764419,0.044530,877.2,tfidf,2,minusculas>remover_numeros,1,False,True,False,False,True,manter,nenhuma,regex
1,202,0.764419,0.044530,878.0,tfidf,2,minusculas>remover_numeros,1,False,True,False,False,True,manter,nenhuma,linguistico
1,203,0.764405,0.060213,882.2,bow,2,remover_acentos>remover_numeros,1,False,False,True,False,True,manter,nenhuma,regex
1,204,0.764405,0.060213,883.0,bow,2,remover_acentos>remover_numeros,1,False,False,True,False,True,manter,nenhuma,linguistico
1,205,0.764405,0.060213,873.2,bow,2,minusculas>remover_acentos>remover_numeros,1,False,True,True,False,True,manter,nenhuma,regex
1,206,0.764405,0.060213,874.0,bow,2,minusculas>remover_acentos>remover_numeros,1,False,True,True,False,True,manter,nenhuma,linguistico
1,207,0.764090,0.105093,622.0,bow,2,minusculas>remover_numeros>stopwords>morfologia,1,False,True,False,False,True,preservar_negacoes,lematizacao,split
1,208,0.764090,0.105093,621.4,bow,2,minusculas>remover_numeros>stopwords>morfologia,1,False,True,False,False,True,preservar_negacoes,lematizacao,regex
1,209,0.764090,0.105093,621.4,bow,2,minusculas>remover_numeros>stopwords>morfologia,1,False,True,False,False,True,preservar_negacoes,lematizacao,linguistico
1,210,0.764089,0.057905,882.2,tfidf,2,remover_acentos>remover_numeros,1,False,False,True,False,True,manter,nenhuma,regex
1,211,0.764089,0.057905,883.0,tfidf,2,remover_acentos>remover_numeros,1,False,False,True,False,True,manter,nenhuma,linguistico
1,212,0.763216,0.069201,239.6,tfidf,1,remover_pontuacao>morfologia,1,False,False,False,True,False,manter,lematizacao,split
1,213,0.763216,0.069201,239.6,tfidf,1,remover_pontuacao>morfologia,1,False,False,False,True,False,manter,lematizacao,regex
1,214,0.763216,0.069201,239.6,tfidf,1,remover_pontuacao>morfologia,1,False,False,False,True,False,manter,lematizacao,linguistico
1,215,0.763186,0.039144,305.0,bow,1,minusculas>remover_numeros,1,False,True,False,False,True,manter,nenhuma,split
1,216,0.762742,0.093037,276.8,tfidf,1,remover_pontuacao>remover_numeros,1,False,False,False,True,True,manter,nenhuma,split
1,217,0.762742,0.093037,276.8,tfidf,1,remover_pontuacao>remover_numeros,1,False,False,False,True,True,manter,nenhuma,regex
1,218,0.762742,0.093037,276.8,tfidf,1,remover_pontuacao>remover_numeros,1,False,False,False,True,True,manter,nenhuma,linguistico
1,219,0.762253,0.047907,901.4,tfidf,2,minusculas,1,True,True,False,False,False,manter,nenhuma,regex
1,220,0.762253,0.047907,902.2,tfidf,2,minusculas,1,True,True,False,False,False,manter,nenhuma,linguistico
1,221,0.759813,0.062581,776.0,bow,2,minusculas>remover_acentos>remover_numeros>morfologia,1,False,True,True,False,True,manter,lematizacao,split
1,222,0.759813,0.062581,776.0,bow,2,minusculas>remover_acentos>remover_numeros>morfologia,1,False,True,True,False,True,manter,lematizacao,regex
1,223,0.759813,0.062581,776.0,bow,2,minusculas>remover_acentos>remover_numeros>morfologia,1,False,True,True,False,True,manter,lematizacao,linguistico
1,224,0.759379,0.047217,761.8,tfidf,2,minusculas>remover_numeros>morfologia,1,False,True,False,False,True,manter,lematizacao,split
1,225,0.759379,0.047217,761.8,tfidf,2,minusculas>remover_numeros>morfologia,1,False,True,False,False,True,manter,lematizacao,regex
1,226,0.759379,0.047217,761.8,tfidf,2,minusculas>remover_numeros>morfologia,1,False,True,False,False,True,manter,lematizacao,linguistico
1,227,0.759057,0.101015,207.8,bow,1,minusculas>remover_numeros>stopwords>morfologia,1,False,True,False,False,True,preservar_negacoes,lematizacao,split
1,228,0.759057,0.101015,207.2,bow,1,minusculas>remover_numeros>stopwords>morfologia,1,False,True,False,False,True,preservar_negacoes,lematizacao,regex
1,229,0.759057,0.101015,207.2,bow,1,minusculas>remover_numeros>stopwords>morfologia,1,False,True,False,False,True,preservar_negacoes,lematizacao,linguistico
1,230,0.758460,0.141484,243.0,bow,1,minusculas>stopwords,1,False,True,False,False,False,preservar_negacoes,nenhuma,regex
1,231,0.758460,0.141484,243.0,bow,1,minusculas>stopwords,1,False,True,False,False,False,preservar_negacoes,nenhuma,linguistico
1,232,0.758460,0.141484,240.6,bow,1,minusculas>remover_acentos>stopwords,1,False,True,True,False,False,preservar_negacoes,nenhuma,regex
1,233,0.758460,0.141484,240.6,bow,1,minusculas>remover_acentos>stopwords,1,False,True,True,False,False,preservar_negacoes,nenhuma,linguistico
1,234,0.758313,0.069038,234.2,bow,1,remover_acentos>remover_pontuacao>remover_numeros>morfologia,1,False,False,True,True,True,manter,lematizacao,split
1,235,0.758313,0.069038,234.2,bow,1,remover_acentos>remover_pontuacao>remover_numeros>morfologia,1,False,False,True,True,True,manter,lematizacao,regex
1,236,0.758313,0.069038,234.2,bow,1,remover_acentos>remover_pontuacao>remover_numeros>morfologia,1,False,False,True,True,True,manter,lematizacao,linguistico
1,237,0.757522,0.066968,786.0,tfidf,2,minusculas>morfologia,1,False,True,False,False,False,manter,lematizacao,split
1,238,0.757522,0.066968,786.0,tfidf,2,minusculas>morfologia,1,False,True,False,False,False,manter,lematizacao,regex
1,239,0.757522,0.066968,786.0,tfidf,2,minusculas>morfologia,1,False,True,False,False,False,manter,lematizacao,linguistico
1,240,0.757091,0.073308,257.2,bow,1,remover_acentos>remover_numeros>morfologia,1,False,False,True,False,True,manter,stemming,split
1,241,0.757091,0.073308,257.2,bow,1,minusculas>remover_acentos>remover_numeros>morfologia,1,False,True,True,False,True,manter,stemming,split
1,242,0.756955,0.083999,229.4,bow,1,minusculas>remover_pontuacao>morfologia,1,False,True,False,True,False,manter,lematizacao,split
1,243,0.756955,0.083999,229.4,bow,1,minusculas>remover_pontuacao>morfologia,1,False,True,False,True,False,manter,lematizacao,regex
1,244,0.756955,0.083999,229.4,bow,1,minusculas>remover_pontuacao>morfologia,1,False,True,False,True,False,manter,lematizacao,linguistico
1,245,0.756948,0.057945,897.4,bow,2,minusculas>remover_acentos,1,True,True,True,False,False,manter,nenhuma,regex
1,246,0.756948,0.057945,898.2,bow,2,minusculas>remover_acentos,1,True,True,True,False,False,manter,nenhuma,linguistico
1,247,0.756602,0.102988,808.6,bow,2,remover_acentos>remover_numeros>morfologia,1,False,False,True,False,True,manter,stemming,linguistico
1,248,0.756602,0.102988,808.6,bow,2,minusculas>remover_acentos>remover_numeros>morfologia,1,False,True,True,False,True,manter,stemming,linguistico
1,249,0.756302,0.068154,266.8,bow,1,remover_acentos>morfologia,1,False,False,True,False,False,manter,stemming,split
1,250,0.756302,0.068154,266.8,bow,1,minusculas>remover_acentos>morfologia,1,False,True,True,False,False,manter,stemming,split
1,251,0.756278,0.077747,243.6,tfidf,1,remover_acentos>remover_pontuacao>morfologia,1,False,False,True,True,False,manter,lematizacao,split
1,252,0.756278,0.077747,243.6,tfidf,1,remover_acentos>remover_pontuacao>morfologia,1,False,False,True,True,False,manter,lematizacao,regex
1,253,0.756278,0.077747,243.6,tfidf,1,remover_acentos>remover_pontuacao>morfologia,1,False,False,True,True,False,manter,lematizacao,linguistico
1,254,0.755824,0.079476,243.6,bow,1,remover_acentos>remover_pontuacao>morfologia,1,False,False,True,True,False,manter,lematizacao,split
1,255,0.755824,0.079476,243.6,bow,1,remover_acentos>remover_pontuacao>morfologia,1,False,False,True,True,False,manter,lematizacao,regex
1,256,0.755824,0.079476,243.6,bow,1,remover_acentos>remover_pontuacao>morfologia,1,False,False,True,True,False,manter,lematizacao,linguistico
1,257,0.755779,0.121055,196.0,bow,1,remover_acentos>stopwords>morfologia,1,False,False,True,False,False,preservar_negacoes,stemming,regex
1,258,0.755779,0.121055,196.0,bow,1,remover_acentos>stopwords>morfologia,1,False,False,True,False,False,preservar_negacoes,stemming,linguistico
1,259,0.755779,0.121055,196.0,bow,1,minusculas>remover_acentos>stopwords>morfologia,1,False,True,True,False,False,preservar_negacoes,stemming,regex
1,260,0.755779,0.121055,196.0,bow,1,minusculas>remover_acentos>stopwords>morfologia,1,False,True,True,False,False,preservar_negacoes,stemming,linguistico
1,261,0.755673,0.079101,829.4,bow,2,morfologia,1,False,False,False,False,False,manter,stemming,regex
1,262,0.755673,0.079101,830.2,bow,2,morfologia,1,False,False,False,False,False,manter,stemming,linguistico
1,263,0.755673,0.079101,829.4,bow,2,minusculas>morfologia,1,False,True,False,False,False,manter,stemming,regex
1,264,0.755673,0.079101,830.2,bow,2,minusculas>morfologia,1,False,True,False,False,False,manter,stemming,linguistico
1,265,0.755660,0.079094,805.2,bow,2,remover_numeros>morfologia,1,False,False,False,False,True,manter,stemming,regex
1,266,0.755660,0.079094,805.2,bow,2,minusculas>remover_numeros>morfologia,1,False,True,False,False,True,manter,stemming,regex
1,267,0.755037,0.108504,646.6,bow,2,minusculas>stopwords>morfologia,1,False,True,False,False,False,preservar_negacoes,lematizacao,split
1,268,0.755037,0.108504,646.0,bow,2,minusculas>stopwords>morfologia,1,False,True,False,False,False,preservar_negacoes,lematizacao,regex
1,269,0.755037,0.108504,646.0,bow,2,minusculas>stopwords>morfologia,1,False,True,False,False,False,preservar_negacoes,lematizacao,linguistico
1,270,0.755011,0.036584,301.8,bow,1,minusculas>remover_acentos>remover_numeros,1,False,True,True,False,True,manter,nenhuma,split
1,271,0.752345,0.086245,272.0,tfidf,1,minusculas>remover_pontuacao>remover_numeros,1,False,True,False,True,True,manter,nenhuma,split
1,272,0.752345,0.086245,272.0,tfidf,1,minusculas>remover_pontuacao>remover_numeros,1,False,True,False,True,True,manter,nenhuma,regex
1,273,0.752345,0.086245,272.0,tfidf,1,minusculas>remover_pontuacao>remover_numeros,1,False,True,False,True,True,manter,nenhuma,linguistico
1,274,0.752289,0.154948,237.4,bow,1,remover_numeros>stopwords,1,False,False,False,False,True,preservar_negacoes,nenhuma,regex
1,275,0.752289,0.154948,237.4,bow,1,remover_numeros>stopwords,1,False,False,False,False,True,preservar_negacoes,nenhuma,linguistico
1,276,0.752289,0.154948,235.0,bow,1,remover_acentos>remover_numeros>stopwords,1,False,False,True,False,True,preservar_negacoes,nenhuma,regex
1,277,0.752289,0.154948,235.0,bow,1,remover_acentos>remover_numeros>stopwords,1,False,False,True,False,True,preservar_negacoes,nenhuma,linguistico
1,278,0.751023,0.115354,211.4,tfidf,1,minusculas>remover_acentos>remover_numeros>stopwords>morfologia,1,False,True,True,False,True,preservar_negacoes,lematizacao,split
1,279,0.751023,0.115354,210.0,tfidf,1,minusculas>remover_acentos>remover_numeros>stopwords>morfologia,1,False,True,True,False,True,preservar_negacoes,lematizacao,regex
1,280,0.751023,0.115354,210.0,tfidf,1,minusculas>remover_acentos>remover_numeros>stopwords>morfologia,1,False,True,True,False,True,preservar_negacoes,lematizacao,linguistico
1,281,0.749887,0.077176,234.2,bow,1,minusculas>remover_acentos>remover_pontuacao>morfologia,1,False,True,True,True,False,manter,lematizacao,split
1,282,0.749887,0.077176,234.2,bow,1,minusculas>remover_acentos>remover_pontuacao>morfologia,1,False,True,True,True,False,manter,lematizacao,regex
1,283,0.749887,0.077176,234.2,bow,1,minusculas>remover_acentos>remover_pontuacao>morfologia,1,False,True,True,True,False,manter,lematizacao,linguistico
1,284,0.749670,0.045679,215.0,tfidf,1,remover_pontuacao>remover_numeros>morfologia,1,False,False,False,True,True,manter,stemming,split
1,285,0.749670,0.045679,215.0,tfidf,1,remover_pontuacao>remover_numeros>morfologia,1,False,False,False,True,True,manter,stemming,regex
1,286,0.749670,0.045679,215.0,tfidf,1,remover_pontuacao>remover_numeros>morfologia,1,False,False,False,True,True,manter,stemming,linguistico
1,287,0.749670,0.045679,215.0,tfidf,1,minusculas>remover_pontuacao>remover_numeros>morfologia,1,False,True,False,True,True,manter,stemming,split
1,288,0.749670,0.045679,215.0,tfidf,1,minusculas>remover_pontuacao>remover_numeros>morfologia,1,False,True,False,True,True,manter,stemming,regex
1,289,0.749670,0.045679,215.0,tfidf,1,minusculas>remover_pontuacao>remover_numeros>morfologia,1,False,True,False,True,True,manter,stemming,linguistico
1,290,0.749348,0.057369,801.8,bow,2,morfologia,1,False,False,False,False,False,manter,lematizacao,split
1,291,0.749348,0.057369,801.8,bow,2,morfologia,1,False,False,False,False,False,manter,lematizacao,regex
1,292,0.749348,0.057369,801.8,bow,2,morfologia,1,False,False,False,False,False,manter,lematizacao,linguistico
1,293,0.749286,0.062766,286.2,bow,1,remover_pontuacao,1,False,False,False,True,False,manter,nenhuma,split
1,294,0.749286,0.062766,286.2,bow,1,remover_pontuacao,1,False,False,False,True,False,manter,nenhuma,regex
1,295,0.749286,0.062766,286.2,bow,1,remover_pontuacao,1,False,False,False,True,False,manter,nenhuma,linguistico
1,296,0.749286,0.062766,276.8,bow,1,remover_pontuacao>remover_numeros,1,False,False,False,True,True,manter,nenhuma,split
1,297,0.749286,0.062766,276.8,bow,1,remover_pontuacao>remover_numeros,1,False,False,False,True,True,manter,nenhuma,regex
1,298,0.749286,0.062766,276.8,bow,1,remover_pontuacao>remover_numeros,1,False,False,False,True,True,manter,nenhuma,linguistico
1,299,0.749286,0.062766,283.8,bow,1,remover_acentos>remover_pontuacao,1,False,False,True,True,False,manter,nenhuma,split
1,300,0.749286,0.062766,283.8,bow,1,remover_acentos>remover_pontuacao,1,False,False,True,True,False,manter,nenhuma,regex
1,301,0.749286,0.062766,283.8,bow,1,remover_acentos>remover_pontuacao,1,False,False,True,True,False,manter,nenhuma,linguistico
1,302,0.749286,0.062766,274.4,bow,1,remover_acentos>remover_pontuacao>remover_numeros,1,False,False,True,True,True,manter,nenhuma,split
1,303,0.749286,0.062766,274.4,bow,1,remover_acentos>remover_pontuacao>remover_numeros,1,False,False,True,True,True,manter,nenhuma,regex
1,304,0.749286,0.062766,274.4,bow,1,remover_acentos>remover_pontuacao>remover_numeros,1,False,False,True,True,True,manter,nenhuma,linguistico
1,305,0.748615,0.077488,232.6,bow,1,stopwords>morfologia,1,False,False,False,False,False,preservar_negacoes,stemming,split
1,306,0.748615,0.077488,234.0,bow,1,remover_acentos>stopwords>morfologia,1,False,False,True,False,False,preservar_negacoes,stemming,split
1,307,0.748615,0.077488,232.6,bow,1,minusculas>stopwords>morfologia,1,False,True,False,False,False,preservar_negacoes,stemming,split
1,308,0.748615,0.077488,234.0,bow,1,minusculas>remover_acentos>stopwords>morfologia,1,False,True,True,False,False,preservar_negacoes,stemming,split
1,309,0.748012,0.096211,832.0,bow,2,remover_acentos>morfologia,1,False,False,True,False,False,manter,stemming,regex
1,310,0.748012,0.096211,832.8,bow,2,remover_acentos>morfologia,1,False,False,True,False,False,manter,stemming,linguistico
1,311,0.748012,0.096211,832.0,bow,2,minusculas>remover_acentos>morfologia,1,False,True,True,False,False,manter,stemming,regex
1,312,0.748012,0.096211,832.8,bow,2,minusculas>remover_acentos>morfologia,1,False,True,True,False,False,manter,stemming,linguistico
1,313,0.747999,0.096204,807.8,bow,2,remover_acentos>remover_numeros>morfologia,1,False,False,True,False,True,manter,stemming,regex
1,314,0.747999,0.096204,807.8,bow,2,minusculas>remover_acentos>remover_numeros>morfologia,1,False,True,True,False,True,manter,stemming,regex
1,315,0.747891,0.121734,273.4,bow,1,minusculas>stopwords,1,False,True,False,False,False,preservar_negacoes,nenhuma,split
1,316,0.747891,0.121734,271.0,bow,1,minusculas>remover_acentos>stopwords,1,False,True,True,False,False,preservar_negacoes,nenhuma,split
1,317,0.747847,0.137113,193.8,bow,1,stopwords>morfologia,1,False,False,False,False,False,preservar_negacoes,stemming,regex
1,318,0.747847,0.137113,193.8,bow,1,stopwords>morfologia,1,False,False,False,False,False,preservar_negacoes,stemming,linguistico
1,319,0.747847,0.137113,193.8,bow,1,minusculas>stopwords>morfologia,1,False,True,False,False,False,preservar_negacoes,stemming,regex
1,320,0.747847,0.137113,193.8,bow,1,minusculas>stopwords>morfologia,1,False,True,False,False,False,preservar_negacoes,stemming,linguistico
1,321,0.747711,0.065243,873.2,tfidf,2,minusculas>remover_acentos>remover_numeros,1,False,True,True,False,True,manter,nenhuma,regex
1,322,0.747711,0.065243,874.0,tfidf,2,minusculas>remover_acentos>remover_numeros,1,False,True,True,False,True,manter,nenhuma,linguistico
1,323,0.747546,0.057395,239.6,bow,1,remover_pontuacao>morfologia,1,False,False,False,True,False,manter,lematizacao,split
1,324,0.747546,0.057395,239.6,bow,1,remover_pontuacao>morfologia,1,False,False,False,True,False,manter,lematizacao,regex
1,325,0.747546,0.057395,239.6,bow,1,remover_pontuacao>morfologia,1,False,False,False,True,False,manter,lematizacao,linguistico
1,326,0.747478,0.066902,880.6,bow,2,,1,True,False,False,False,False,manter,nenhuma,split
1,327,0.747478,0.066902,877.4,bow,2,remover_acentos,1,False,False,True,False,False,manter,nenhuma,split
1,328,0.747226,0.081218,234.2,tfidf,1,remover_acentos>remover_pontuacao>remover_numeros>morfologia,1,False,False,True,True,True,manter,lematizacao,split
1,329,0.747226,0.081218,234.2,tfidf,1,remover_acentos>remover_pontuacao>remover_numeros>morfologia,1,False,False,True,True,True,manter,lematizacao,regex
1,330,0.747226,0.081218,234.2,tfidf,1,remover_acentos>remover_pontuacao>remover_numeros>morfologia,1,False,False,True,True,True,manter,lematizacao,linguistico
1,331,0.747034,0.081939,234.2,tfidf,1,minusculas>remover_acentos>remover_pontuacao>morfologia,1,False,True,True,True,False,manter,lematizacao,split
1,332,0.747034,0.081939,234.2,tfidf,1,minusculas>remover_acentos>remover_pontuacao>morfologia,1,False,True,True,True,False,manter,lematizacao,regex
1,333,0.747034,0.081939,234.2,tfidf,1,minusculas>remover_acentos>remover_pontuacao>morfologia,1,False,True,True,True,False,manter,lematizacao,linguistico
1,334,0.747034,0.081939,224.8,tfidf,1,minusculas>remover_acentos>remover_pontuacao>remover_numeros>morfologia,1,False,True,True,True,True,manter,lematizacao,split
1,335,0.747034,0.081939,224.8,tfidf,1,minusculas>remover_acentos>remover_pontuacao>remover_numeros>morfologia,1,False,True,True,True,True,manter,lematizacao,regex
1,336,0.747034,0.081939,224.8,tfidf,1,minusculas>remover_acentos>remover_pontuacao>remover_numeros>morfologia,1,False,True,True,True,True,manter,lematizacao,linguistico
1,337,0.746645,0.076018,274.4,tfidf,1,remover_acentos>remover_pontuacao>remover_numeros,1,False,False,True,True,True,manter,nenhuma,split
1,338,0.746645,0.076018,274.4,tfidf,1,remover_acentos>remover_pontuacao>remover_numeros,1,False,False,True,True,True,manter,nenhuma,regex
1,339,0.746645,0.076018,274.4,tfidf,1,remover_acentos>remover_pontuacao>remover_numeros,1,False,False,True,True,True,manter,nenhuma,linguistico
1,340,0.746114,0.106812,625.8,bow,2,minusculas>remover_acentos>remover_numeros>stopwords>morfologia,1,False,True,True,False,True,preservar_negacoes,lematizacao,split
1,341,0.746114,0.106812,624.4,bow,2,minusculas>remover_acentos>remover_numeros>stopwords>morfologia,1,False,True,True,False,True,preservar_negacoes,lematizacao,regex
1,342,0.746114,0.106812,624.4,bow,2,minusculas>remover_acentos>remover_numeros>stopwords>morfologia,1,False,True,True,False,True,preservar_negacoes,lematizacao,linguistico
1,343,0.745667,0.067152,880.6,tfidf,2,,1,True,False,False,False,False,manter,nenhuma,split
1,344,0.745667,0.067152,877.4,tfidf,2,remover_acentos,1,False,False,True,False,False,manter,nenhuma,split
1,345,0.745237,0.135823,211.4,bow,1,minusculas>remover_acentos>remover_numeros>stopwords>morfologia,1,False,True,True,False,True,preservar_negacoes,lematizacao,split
1,346,0.745237,0.135823,210.0,bow,1,minusculas>remover_acentos>remover_numeros>stopwords>morfologia,1,False,True,True,False,True,preservar_negacoes,lematizacao,regex
1,347,0.745237,0.135823,210.0,bow,1,minusculas>remover_acentos>remover_numeros>stopwords>morfologia,1,False,True,True,False,True,preservar_negacoes,lematizacao,linguistico
1,348,0.745038,0.039247,206.4,tfidf,1,minusculas>remover_numeros>stopwords>morfologia,1,False,True,False,False,True,remover_tudo,lematizacao,split
1,349,0.745038,0.039247,205.8,tfidf,1,minusculas>remover_numeros>stopwords>morfologia,1,False,True,False,False,True,remover_tudo,lematizacao,regex
1,350,0.745038,0.039247,205.8,tfidf,1,minusculas>remover_numeros>stopwords>morfologia,1,False,True,False,False,True,remover_tudo,lematizacao,linguistico
1,351,0.744254,0.100929,286.2,tfidf,1,remover_pontuacao,1,False,False,False,True,False,manter,nenhuma,split
1,352,0.744254,0.100929,286.2,tfidf,1,remover_pontuacao,1,False,False,False,True,False,manter,nenhuma,regex
1,353,0.744254,0.100929,286.2,tfidf,1,remover_pontuacao,1,False,False,False,True,False,manter,nenhuma,linguistico
1,354,0.743501,0.035955,777.6,tfidf,2,remover_numeros>morfologia,1,False,False,False,False,True,manter,lematizacao,split
1,355,0.743501,0.035955,777.6,tfidf,2,remover_numeros>morfologia,1,False,False,False,False,True,manter,lematizacao,regex
1,356,0.743501,0.035955,777.6,tfidf,2,remover_numeros>morfologia,1,False,False,False,False,True,manter,lematizacao,linguistico
1,357,0.743113,0.053212,776.0,tfidf,2,minusculas>remover_acentos>remover_numeros>morfologia,1,False,True,True,False,True,manter,lematizacao,split
1,358,0.743113,0.053212,776.0,tfidf,2,minusculas>remover_acentos>remover_numeros>morfologia,1,False,True,True,False,True,manter,lematizacao,regex
1,359,0.743113,0.053212,776.0,tfidf,2,minusculas>remover_acentos>remover_numeros>morfologia,1,False,True,True,False,True,manter,lematizacao,linguistico
1,360,0.743048,0.035310,686.4,bow,2,minusculas>remover_pontuacao>remover_numeros>morfologia,1,False,True,False,True,True,manter,lematizacao,split
1,361,0.743048,0.035310,686.4,bow,2,minusculas>remover_pontuacao>remover_numeros>morfologia,1,False,True,False,True,True,manter,lematizacao,regex
1,362,0.743048,0.035310,686.4,bow,2,minusculas>remover_pontuacao>remover_numeros>morfologia,1,False,True,False,True,True,manter,lematizacao,linguistico
1,363,0.742597,0.133721,246.8,bow,1,stopwords,1,False,False,False,False,False,preservar_negacoes,nenhuma,regex
1,364,0.742597,0.133721,246.8,bow,1,stopwords,1,False,False,False,False,False,preservar_negacoes,nenhuma,linguistico
1,365,0.742597,0.133721,244.4,bow,1,remover_acentos>stopwords,1,False,False,True,False,False,preservar_negacoes,nenhuma,regex
1,366,0.742597,0.133721,244.4,bow,1,remover_acentos>stopwords,1,False,False,True,False,False,preservar_negacoes,nenhuma,linguistico
1,367,0.742596,0.108144,218.2,bow,1,remover_numeros>stopwords>morfologia,1,False,False,False,False,True,preservar_negacoes,lematizacao,split
1,368,0.742596,0.108144,218.2,bow,1,remover_numeros>stopwords>morfologia,1,False,False,False,False,True,preservar_negacoes,lematizacao,regex
1,369,0.742596,0.108144,218.2,bow,1,remover_numeros>stopwords>morfologia,1,False,False,False,False,True,preservar_negacoes,lematizacao,linguistico
1,370,0.742396,0.073414,800.2,bow,2,minusculas>remover_acentos>morfologia,1,False,True,True,False,False,manter,lematizacao,split
1,371,0.742396,0.073414,800.2,bow,2,minusculas>remover_acentos>morfologia,1,False,True,True,False,False,manter,lematizacao,regex
1,372,0.742396,0.073414,800.2,bow,2,minusculas>remover_acentos>morfologia,1,False,True,True,False,False,manter,lematizacao,linguistico
1,373,0.742261,0.129090,591.0,bow,2,remover_numeros>stopwords>morfologia,1,False,False,False,False,True,preservar_negacoes,stemming,regex
1,374,0.742261,0.129090,591.8,bow,2,remover_numeros>stopwords>morfologia,1,False,False,False,False,True,preservar_negacoes,stemming,linguistico
1,375,0.742261,0.129090,592.2,bow,2,remover_acentos>remover_numeros>stopwords>morfologia,1,False,False,True,False,True,preservar_negacoes,stemming,regex
1,376,0.742261,0.129090,593.0,bow,2,remover_acentos>remover_numeros>stopwords>morfologia,1,False,False,True,False,True,preservar_negacoes,stemming,linguistico
1,377,0.742261,0.129090,591.0,bow,2,minusculas>remover_numeros>stopwords>morfologia,1,False,True,False,False,True,preservar_negacoes,stemming,regex
1,378,0.742261,0.129090,591.8,bow,2,minusculas>remover_numeros>stopwords>morfologia,1,False,True,False,False,True,preservar_negacoes,stemming,linguistico
1,379,0.742261,0.129090,592.2,bow,2,minusculas>remover_acentos>remover_numeros>stopwords>morfologia,1,False,True,True,False,True,preservar_negacoes,stemming,regex
1,380,0.742261,0.129090,593.0,bow,2,minusculas>remover_acentos>remover_numeros>stopwords>morfologia,1,False,True,True,False,True,preservar_negacoes,stemming,linguistico
1,381,0.741339,0.072998,215.0,bow,1,remover_pontuacao>remover_numeros>morfologia,1,False,False,False,True,True,manter,stemming,split
1,382,0.741339,0.072998,215.0,bow,1,remover_pontuacao>remover_numeros>morfologia,1,False,False,False,True,True,manter,stemming,regex
1,383,0.741339,0.072998,215.0,bow,1,remover_pontuacao>remover_numeros>morfologia,1,False,False,False,True,True,manter,stemming,linguistico
1,384,0.741339,0.072998,215.0,bow,1,minusculas>remover_pontuacao>remover_numeros>morfologia,1,False,True,False,True,True,manter,stemming,split
1,385,0.741339,0.072998,215.0,bow,1,minusculas>remover_pontuacao>remover_numeros>morfologia,1,False,True,False,True,True,manter,stemming,regex
1,386,0.741339,0.072998,215.0,bow,1,minusculas>remover_pontuacao>remover_numeros>morfologia,1,False,True,False,True,True,manter,stemming,linguistico
1,387,0.741256,0.070791,800.2,tfidf,2,minusculas>remover_acentos>morfologia,1,False,True,True,False,False,manter,lematizacao,split
1,388,0.741256,0.070791,800.2,tfidf,2,minusculas>remover_acentos>morfologia,1,False,True,True,False,False,manter,lematizacao,regex
1,389,0.741256,0.070791,800.2,tfidf,2,minusculas>remover_acentos>morfologia,1,False,True,True,False,False,manter,lematizacao,linguistico
1,390,0.741181,0.052306,224.4,bow,1,remover_pontuacao>morfologia,1,False,False,False,True,False,manter,stemming,split
1,391,0.741181,0.052306,224.4,bow,1,remover_pontuacao>morfologia,1,False,False,False,True,False,manter,stemming,regex
1,392,0.741181,0.052306,224.4,bow,1,remover_pontuacao>morfologia,1,False,False,False,True,False,manter,stemming,linguistico
1,393,0.741181,0.052306,224.4,bow,1,minusculas>remover_pontuacao>morfologia,1,False,True,False,True,False,manter,stemming,split
1,394,0.741181,0.052306,224.4,bow,1,minusculas>remover_pontuacao>morfologia,1,False,True,False,True,False,manter,stemming,regex
1,395,0.741181,0.052306,224.4,bow,1,minusculas>remover_pontuacao>morfologia,1,False,True,False,True,False,manter,stemming,linguistico
1,396,0.741008,0.093528,186.6,tfidf,1,remover_acentos>remover_numeros>stopwords>morfologia,1,False,False,True,False,True,preservar_negacoes,stemming,regex
1,397,0.741008,0.093528,186.6,tfidf,1,remover_acentos>remover_numeros>stopwords>morfologia,1,False,False,True,False,True,preservar_negacoes,stemming,linguistico
1,398,0.741008,0.093528,186.6,tfidf,1,minusculas>remover_acentos>remover_numeros>stopwords>morfologia,1,False,True,True,False,True,preservar_negacoes,stemming,regex
1,399,0.741008,0.093528,186.6,tfidf,1,minusculas>remover_acentos>remover_numeros>stopwords>morfologia,1,False,True,True,False,True,preservar_negacoes,stemming,linguistico
1,400,0.740300,0.104638,616.4,bow,2,remover_acentos>stopwords>morfologia,1,False,False,True,False,False,preservar_negacoes,stemming,regex
1,401,0.740300,0.104638,617.2,bow,2,remover_acentos>stopwords>morfologia,1,False,False,True,False,False,preservar_negacoes,stemming,linguistico
1,402,0.740300,0.104638,616.4,bow,2,minusculas>remover_acentos>stopwords>morfologia,1,False,True,True,False,False,preservar_negacoes,stemming,regex
1,403,0.740300,0.104638,617.2,bow,2,minusculas>remover_acentos>stopwords>morfologia,1,False,True,True,False,False,preservar_negacoes,stemming,linguistico
1,404,0.739395,0.071830,829.4,tfidf,2,morfologia,1,False,False,False,False,False,manter,stemming,regex
1,405,0.739395,0.071830,830.2,tfidf,2,morfologia,1,False,False,False,False,False,manter,stemming,linguistico
1,406,0.739395,0.071830,832.0,tfidf,2,remover_acentos>morfologia,1,False,False,True,False,False,manter,stemming,regex
1,407,0.739395,0.071830,832.8,tfidf,2,remover_acentos>morfologia,1,False,False,True,False,False,manter,stemming,linguistico
1,408,0.739395,0.071830,829.4,tfidf,2,minusculas>morfologia,1,False,True,False,False,False,manter,stemming,regex
1,409,0.739395,0.071830,830.2,tfidf,2,minusculas>morfologia,1,False,True,False,False,False,manter,stemming,linguistico
1,410,0.739395,0.071830,832.0,tfidf,2,minusculas>remover_acentos>morfologia,1,False,True,True,False,False,manter,stemming,regex
1,411,0.739395,0.071830,832.8,tfidf,2,minusculas>remover_acentos>morfologia,1,False,True,True,False,False,manter,stemming,linguistico
1,412,0.739240,0.103247,656.2,bow,2,stopwords>morfologia,1,False,False,False,False,False,preservar_negacoes,lematizacao,split
1,413,0.739240,0.103247,632.0,bow,2,remover_numeros>stopwords>morfologia,1,False,False,False,False,True,preservar_negacoes,lematizacao,split
1,414,0.739192,0.128450,276.4,tfidf,1,stopwords,1,False,False,False,False,False,preservar_negacoes,nenhuma,split
1,415,0.739192,0.128450,274.0,tfidf,1,remover_acentos>stopwords,1,False,False,True,False,False,preservar_negacoes,nenhuma,split
1,416,0.739084,0.092435,196.0,tfidf,1,remover_acentos>stopwords>morfologia,1,False,False,True,False,False,preservar_negacoes,stemming,regex
1,417,0.739084,0.092435,196.0,tfidf,1,remover_acentos>stopwords>morfologia,1,False,False,True,False,False,preservar_negacoes,stemming,linguistico
1,418,0.739084,0.092435,196.0,tfidf,1,minusculas>remover_acentos>stopwords>morfologia,1,False,True,True,False,False,preservar_negacoes,stemming,regex
1,419,0.739084,0.092435,196.0,tfidf,1,minusculas>remover_acentos>stopwords>morfologia,1,False,True,True,False,False,preservar_negacoes,stemming,linguistico
1,420,0.738979,0.128742,273.4,tfidf,1,minusculas>stopwords,1,False,True,False,False,False,preservar_negacoes,nenhuma,split
1,421,0.738979,0.128742,271.0,tfidf,1,minusculas>remover_acentos>stopwords,1,False,True,True,False,False,preservar_negacoes,nenhuma,split
1,422,0.738916,0.075368,863.8,bow,2,remover_numeros,1,False,False,False,False,True,manter,nenhuma,split
1,423,0.738916,0.075368,860.6,bow,2,remover_acentos>remover_numeros,1,False,False,True,False,True,manter,nenhuma,split
1,424,0.738862,0.115132,221.6,tfidf,1,minusculas>remover_acentos>stopwords>morfologia,1,False,True,True,False,False,preservar_negacoes,lematizacao,split
1,425,0.738862,0.115132,220.2,tfidf,1,minusculas>remover_acentos>stopwords>morfologia,1,False,True,True,False,False,preservar_negacoes,lematizacao,regex
1,426,0.738862,0.115132,220.2,tfidf,1,minusculas>remover_acentos>stopwords>morfologia,1,False,True,True,False,False,preservar_negacoes,lematizacao,linguistico
1,427,0.738663,0.056359,874.0,bow,2,minusculas,1,True,True,False,False,False,manter,nenhuma,split
1,428,0.738663,0.056359,870.0,bow,2,minusculas>remover_acentos,1,True,True,True,False,False,manter,nenhuma,split
1,429,0.738624,0.103271,622.0,tfidf,2,minusculas>remover_numeros>stopwords>morfologia,1,False,True,False,False,True,preservar_negacoes,lematizacao,split
1,430,0.738624,0.103271,621.4,tfidf,2,minusculas>remover_numeros>stopwords>morfologia,1,False,True,False,False,True,preservar_negacoes,lematizacao,regex
1,431,0.738624,0.103271,621.4,tfidf,2,minusculas>remover_numeros>stopwords>morfologia,1,False,True,False,False,True,preservar_negacoes,lematizacao,linguistico
1,432,0.738425,0.091700,218.2,tfidf,1,remover_numeros>stopwords>morfologia,1,False,False,False,False,True,preservar_negacoes,lematizacao,split
1,433,0.738160,0.090737,217.8,tfidf,1,minusculas>stopwords>morfologia,1,False,True,False,False,False,preservar_negacoes,lematizacao,split
1,434,0.738160,0.090737,217.2,tfidf,1,minusculas>stopwords>morfologia,1,False,True,False,False,False,preservar_negacoes,lematizacao,regex
1,435,0.738160,0.090737,217.2,tfidf,1,minusculas>stopwords>morfologia,1,False,True,False,False,False,preservar_negacoes,lematizacao,linguistico
1,436,0.738159,0.053485,830.2,tfidf,2,remover_pontuacao,1,False,False,False,True,False,manter,nenhuma,split
1,437,0.738159,0.053485,830.2,tfidf,2,remover_pontuacao,1,False,False,False,True,False,manter,nenhuma,regex
1,438,0.738159,0.053485,830.2,tfidf,2,remover_pontuacao,1,False,False,False,True,False,manter,nenhuma,linguistico
1,439,0.738159,0.053485,810.0,tfidf,2,remover_pontuacao>remover_numeros,1,False,False,False,True,True,manter,nenhuma,split
1,440,0.738159,0.053485,810.0,tfidf,2,remover_pontuacao>remover_numeros,1,False,False,False,True,True,manter,nenhuma,regex
1,441,0.738159,0.053485,810.0,tfidf,2,remover_pontuacao>remover_numeros,1,False,False,False,True,True,manter,nenhuma,linguistico
1,442,0.738159,0.053485,827.0,tfidf,2,remover_acentos>remover_pontuacao,1,False,False,True,True,False,manter,nenhuma,split
1,443,0.738159,0.053485,827.0,tfidf,2,remover_acentos>remover_pontuacao,1,False,False,True,True,False,manter,nenhuma,regex
1,444,0.738159,0.053485,827.0,tfidf,2,remover_acentos>remover_pontuacao,1,False,False,True,True,False,manter,nenhuma,linguistico
1,445,0.738159,0.053485,806.8,tfidf,2,remover_acentos>remover_pontuacao>remover_numeros,1,False,False,True,True,True,manter,nenhuma,split
1,446,0.738159,0.053485,806.8,tfidf,2,remover_acentos>remover_pontuacao>remover_numeros,1,False,False,True,True,True,manter,nenhuma,regex
1,447,0.738159,0.053485,806.8,tfidf,2,remover_acentos>remover_pontuacao>remover_numeros,1,False,False,True,True,True,manter,nenhuma,linguistico
1,448,0.737360,0.054172,224.4,tfidf,1,remover_pontuacao>morfologia,1,False,False,False,True,False,manter,stemming,split
1,449,0.737360,0.054172,224.4,tfidf,1,remover_pontuacao>morfologia,1,False,False,False,True,False,manter,stemming,regex
1,450,0.737360,0.054172,224.4,tfidf,1,remover_pontuacao>morfologia,1,False,False,False,True,False,manter,stemming,linguistico
1,451,0.737360,0.054172,224.4,tfidf,1,minusculas>remover_pontuacao>morfologia,1,False,True,False,True,False,manter,stemming,split
1,452,0.737360,0.054172,224.4,tfidf,1,minusculas>remover_pontuacao>morfologia,1,False,True,False,True,False,manter,stemming,regex
1,453,0.737360,0.054172,224.4,tfidf,1,minusculas>remover_pontuacao>morfologia,1,False,True,False,True,False,manter,stemming,linguistico
1,454,0.737164,0.131449,227.6,bow,1,stopwords>morfologia,1,False,False,False,False,False,preservar_negacoes,lematizacao,split
1,455,0.737164,0.131449,227.6,bow,1,stopwords>morfologia,1,False,False,False,False,False,preservar_negacoes,lematizacao,regex
1,456,0.737164,0.131449,227.6,bow,1,stopwords>morfologia,1,False,False,False,False,False,preservar_negacoes,lematizacao,linguistico
1,457,0.736504,0.082250,863.8,tfidf,2,remover_numeros,1,False,False,False,False,True,manter,nenhuma,split
1,458,0.736504,0.082250,860.6,tfidf,2,remover_acentos>remover_numeros,1,False,False,True,False,True,manter,nenhuma,split
1,459,0.736355,0.048847,791.6,bow,2,remover_acentos>remover_numeros>morfologia,1,False,False,True,False,True,manter,lematizacao,split
1,460,0.736355,0.048847,791.6,bow,2,remover_acentos>remover_numeros>morfologia,1,False,False,True,False,True,manter,lematizacao,regex
1,461,0.736355,0.048847,791.6,bow,2,remover_acentos>remover_numeros>morfologia,1,False,False,True,False,True,manter,lematizacao,linguistico
1,462,0.736234,0.089769,283.8,tfidf,1,remover_acentos>remover_pontuacao,1,False,False,True,True,False,manter,nenhuma,split
1,463,0.736234,0.089769,283.8,tfidf,1,remover_acentos>remover_pontuacao,1,False,False,True,True,False,manter,nenhuma,regex
1,464,0.736234,0.089769,283.8,tfidf,1,remover_acentos>remover_pontuacao,1,False,False,True,True,False,manter,nenhuma,linguistico
1,465,0.736227,0.088810,194.0,bow,1,remover_acentos>stopwords>morfologia,1,False,False,True,False,False,remover_tudo,stemming,regex
1,466,0.736227,0.088810,194.0,bow,1,remover_acentos>stopwords>morfologia,1,False,False,True,False,False,remover_tudo,stemming,linguistico
1,467,0.736227,0.088810,194.0,bow,1,minusculas>remover_acentos>stopwords>morfologia,1,False,True,True,False,False,remover_tudo,stemming,regex
1,468,0.736227,0.088810,194.0,bow,1,minusculas>remover_acentos>stopwords>morfologia,1,False,True,True,False,False,remover_tudo,stemming,linguistico
1,469,0.736129,0.123026,217.8,bow,1,minusculas>stopwords>morfologia,1,False,True,False,False,False,preservar_negacoes,lematizacao,split
1,470,0.736129,0.123026,217.2,bow,1,minusculas>stopwords>morfologia,1,False,True,False,False,False,preservar_negacoes,lematizacao,regex
1,471,0.736129,0.123026,217.2,bow,1,minusculas>stopwords>morfologia,1,False,True,False,False,False,preservar_negacoes,lematizacao,linguistico
1,472,0.735384,0.131529,221.6,bow,1,minusculas>remover_acentos>stopwords>morfologia,1,False,True,True,False,False,preservar_negacoes,lematizacao,split
1,473,0.735384,0.131529,220.2,bow,1,minusculas>remover_acentos>stopwords>morfologia,1,False,True,True,False,False,preservar_negacoes,lematizacao,regex
1,474,0.735384,0.131529,220.2,bow,1,minusculas>remover_acentos>stopwords>morfologia,1,False,True,True,False,False,preservar_negacoes,lematizacao,linguistico
1,475,0.734611,0.084288,874.0,tfidf,2,minusculas,1,True,True,False,False,False,manter,nenhuma,split
1,476,0.734611,0.084288,870.0,tfidf,2,minusculas>remover_acentos,1,True,True,True,False,False,manter,nenhuma,split
1,477,0.734267,0.111284,651.6,bow,2,minusculas>remover_acentos>stopwords>morfologia,1,False,True,True,False,False,preservar_negacoes,lematizacao,split
1,478,0.734267,0.111284,650.2,bow,2,minusculas>remover_acentos>stopwords>morfologia,1,False,True,True,False,False,preservar_negacoes,lematizacao,regex
1,479,0.734267,0.111284,650.2,bow,2,minusculas>remover_acentos>stopwords>morfologia,1,False,True,True,False,False,preservar_negacoes,lematizacao,linguistico
1,480,0.733959,0.124388,276.4,bow,1,stopwords,1,False,False,False,False,False,preservar_negacoes,nenhuma,split
1,481,0.733959,0.124388,274.0,bow,1,remover_acentos>stopwords,1,False,False,True,False,False,preservar_negacoes,nenhuma,split
1,482,0.733908,0.099735,184.4,tfidf,1,remover_numeros>stopwords>morfologia,1,False,False,False,False,True,preservar_negacoes,stemming,regex
1,483,0.733908,0.099735,184.4,tfidf,1,remover_numeros>stopwords>morfologia,1,False,False,False,False,True,preservar_negacoes,stemming,linguistico
1,484,0.733908,0.099735,184.4,tfidf,1,minusculas>remover_numeros>stopwords>morfologia,1,False,True,False,False,True,preservar_negacoes,stemming,regex
1,485,0.733908,0.099735,184.4,tfidf,1,minusculas>remover_numeros>stopwords>morfologia,1,False,True,False,False,True,preservar_negacoes,stemming,linguistico
1,486,0.733803,0.092064,281.4,tfidf,1,minusculas>remover_pontuacao,1,False,True,False,True,False,manter,nenhuma,split
1,487,0.733803,0.092064,281.4,tfidf,1,minusculas>remover_pontuacao,1,False,True,False,True,False,manter,nenhuma,regex
1,488,0.733803,0.092064,281.4,tfidf,1,minusculas>remover_pontuacao,1,False,True,False,True,False,manter,nenhuma,linguistico
1,489,0.733803,0.092064,278.2,tfidf,1,minusculas>remover_acentos>remover_pontuacao,1,True,True,True,True,False,manter,nenhuma,split
1,490,0.733803,0.092064,278.2,tfidf,1,minusculas>remover_acentos>remover_pontuacao,1,True,True,True,True,False,manter,nenhuma,regex
1,491,0.733803,0.092064,278.2,tfidf,1,minusculas>remover_acentos>remover_pontuacao,1,True,True,True,True,False,manter,nenhuma,linguistico
1,492,0.733470,0.053294,801.8,tfidf,2,morfologia,1,False,False,False,False,False,manter,lematizacao,split
1,493,0.733470,0.053294,801.8,tfidf,2,morfologia,1,False,False,False,False,False,manter,lematizacao,regex
1,494,0.733470,0.053294,801.8,tfidf,2,morfologia,1,False,False,False,False,False,manter,lematizacao,linguistico
1,495,0.733029,0.034464,216.4,tfidf,1,remover_acentos>remover_pontuacao>remover_numeros>morfologia,1,False,False,True,True,True,manter,stemming,split
1,496,0.733029,0.034464,216.4,tfidf,1,remover_acentos>remover_pontuacao>remover_numeros>morfologia,1,False,False,True,True,True,manter,stemming,regex
1,497,0.733029,0.034464,216.4,tfidf,1,remover_acentos>remover_pontuacao>remover_numeros>morfologia,1,False,False,True,True,True,manter,stemming,linguistico
1,498,0.733029,0.034464,216.4,tfidf,1,minusculas>remover_acentos>remover_pontuacao>remover_numeros>morfologia,1,False,True,True,True,True,manter,stemming,split
1,499,0.733029,0.034464,216.4,tfidf,1,minusculas>remover_acentos>remover_pontuacao>remover_numeros>morfologia,1,False,True,True,True,True,manter,stemming,regex
1,500,0.733029,0.034464,216.4,tfidf,1,minusculas>remover_acentos>remover_pontuacao>remover_numeros>morfologia,1,False,True,True,True,True,manter,stemming,linguistico
1,501,0.732522,0.118691,615.2,bow,2,stopwords>morfologia,1,False,False,False,False,False,preservar_negacoes,stemming,regex
1,502,0.732522,0.118691,616.0,bow,2,stopwords>morfologia,1,False,False,False,False,False,preservar_negacoes,stemming,linguistico
1,503,0.732522,0.118691,615.2,bow,2,minusculas>stopwords>morfologia,1,False,True,False,False,False,preservar_negacoes,stemming,regex
1,504,0.732522,0.118691,616.0,bow,2,minusculas>stopwords>morfologia,1,False,True,False,False,False,preservar_negacoes,stemming,linguistico
1,505,0.732175,0.087570,216.4,bow,1,remover_acentos>remover_pontuacao>remover_numeros>morfologia,1,False,False,True,True,True,manter,stemming,split
1,506,0.732175,0.087570,216.4,bow,1,remover_acentos>remover_pontuacao>remover_numeros>morfologia,1,False,False,True,True,True,manter,stemming,regex
1,507,0.732175,0.087570,216.4,bow,1,remover_acentos>remover_pontuacao>remover_numeros>morfologia,1,False,False,True,True,True,manter,stemming,linguistico
1,508,0.732175,0.087570,216.4,bow,1,minusculas>remover_acentos>remover_pontuacao>remover_numeros>morfologia,1,False,True,True,True,True,manter,stemming,split
1,509,0.732175,0.087570,216.4,bow,1,minusculas>remover_acentos>remover_pontuacao>remover_numeros>morfologia,1,False,True,True,True,True,manter,stemming,regex
1,510,0.732175,0.087570,216.4,bow,1,minusculas>remover_acentos>remover_pontuacao>remover_numeros>morfologia,1,False,True,True,True,True,manter,stemming,linguistico
1,511,0.731544,0.095362,184.6,tfidf,1,remover_acentos>remover_numeros>stopwords>morfologia,1,False,False,True,False,True,remover_tudo,stemming,regex
1,512,0.731544,0.095362,184.6,tfidf,1,remover_acentos>remover_numeros>stopwords>morfologia,1,False,False,True,False,True,remover_tudo,stemming,linguistico
1,513,0.731544,0.095362,184.6,tfidf,1,minusculas>remover_acentos>remover_numeros>stopwords>morfologia,1,False,True,True,False,True,remover_tudo,stemming,regex
1,514,0.731544,0.095362,184.6,tfidf,1,minusculas>remover_acentos>remover_numeros>stopwords>morfologia,1,False,True,True,False,True,remover_tudo,stemming,linguistico
1,515,0.730222,0.101113,191.8,bow,1,stopwords>morfologia,1,False,False,False,False,False,remover_tudo,stemming,regex
1,516,0.730222,0.101113,191.8,bow,1,stopwords>morfologia,1,False,False,False,False,False,remover_tudo,stemming,linguistico
1,517,0.730222,0.101113,191.8,bow,1,minusculas>stopwords>morfologia,1,False,True,False,False,False,remover_tudo,stemming,regex
1,518,0.730222,0.101113,191.8,bow,1,minusculas>stopwords>morfologia,1,False,True,False,False,False,remover_tudo,stemming,linguistico
1,519,0.730101,0.064746,857.2,bow,2,minusculas>remover_numeros,1,False,True,False,False,True,manter,nenhuma,split
1,520,0.730101,0.064746,853.2,bow,2,minusculas>remover_acentos>remover_numeros,1,False,True,True,False,True,manter,nenhuma,split
1,521,0.729879,0.066029,281.4,bow,1,minusculas>remover_pontuacao,1,False,True,False,True,False,manter,nenhuma,split
1,522,0.729879,0.066029,281.4,bow,1,minusculas>remover_pontuacao,1,False,True,False,True,False,manter,nenhuma,regex
1,523,0.729879,0.066029,281.4,bow,1,minusculas>remover_pontuacao,1,False,True,False,True,False,manter,nenhuma,linguistico
1,524,0.729879,0.066029,272.0,bow,1,minusculas>remover_pontuacao>remover_numeros,1,False,True,False,True,True,manter,nenhuma,split
1,525,0.729879,0.066029,272.0,bow,1,minusculas>remover_pontuacao>remover_numeros,1,False,True,False,True,True,manter,nenhuma,regex
1,526,0.729879,0.066029,272.0,bow,1,minusculas>remover_pontuacao>remover_numeros,1,False,True,False,True,True,manter,nenhuma,linguistico
1,527,0.729879,0.066029,278.2,bow,1,minusculas>remover_acentos>remover_pontuacao,1,True,True,True,True,False,manter,nenhuma,split
1,528,0.729879,0.066029,278.2,bow,1,minusculas>remover_acentos>remover_pontuacao,1,True,True,True,True,False,manter,nenhuma,regex
1,529,0.729879,0.066029,278.2,bow,1,minusculas>remover_acentos>remover_pontuacao,1,True,True,True,True,False,manter,nenhuma,linguistico
1,530,0.729879,0.066029,268.8,bow,1,minusculas>remover_acentos>remover_pontuacao>remover_numeros,1,True,True,True,True,True,manter,nenhuma,split
1,531,0.729879,0.066029,268.8,bow,1,minusculas>remover_acentos>remover_pontuacao>remover_numeros,1,True,True,True,True,True,manter,nenhuma,regex
1,532,0.729879,0.066029,268.8,bow,1,minusculas>remover_acentos>remover_pontuacao>remover_numeros,1,True,True,True,True,True,manter,nenhuma,linguistico
1,533,0.729597,0.099854,656.2,bow,2,stopwords>morfologia,1,False,False,False,False,False,preservar_negacoes,lematizacao,regex
1,534,0.729597,0.099854,656.2,bow,2,stopwords>morfologia,1,False,False,False,False,False,preservar_negacoes,lematizacao,linguistico
1,535,0.729597,0.099854,632.0,bow,2,remover_numeros>stopwords>morfologia,1,False,False,False,False,True,preservar_negacoes,lematizacao,regex
1,536,0.729597,0.099854,632.0,bow,2,remover_numeros>stopwords>morfologia,1,False,False,False,False,True,preservar_negacoes,lematizacao,linguistico
1,537,0.729269,0.087628,218.2,tfidf,1,remover_numeros>stopwords>morfologia,1,False,False,False,False,True,preservar_negacoes,lematizacao,regex
1,538,0.729269,0.087628,218.2,tfidf,1,remover_numeros>stopwords>morfologia,1,False,False,False,False,True,preservar_negacoes,lematizacao,linguistico
1,539,0.728983,0.083243,611.2,bow,2,minusculas>remover_numeros>stopwords>morfologia,1,False,True,False,False,True,remover_tudo,lematizacao,split
1,540,0.728983,0.083243,610.6,bow,2,minusculas>remover_numeros>stopwords>morfologia,1,False,True,False,False,True,remover_tudo,lematizacao,regex
1,541,0.728983,0.083243,610.6,bow,2,minusculas>remover_numeros>stopwords>morfologia,1,False,True,False,False,True,remover_tudo,lematizacao,linguistico
1,542,0.728095,0.080434,184.6,bow,1,remover_acentos>remover_numeros>stopwords>morfologia,1,False,False,True,False,True,remover_tudo,stemming,regex
1,543,0.728095,0.080434,184.6,bow,1,remover_acentos>remover_numeros>stopwords>morfologia,1,False,False,True,False,True,remover_tudo,stemming,linguistico
1,544,0.728095,0.080434,184.6,bow,1,minusculas>remover_acentos>remover_numeros>stopwords>morfologia,1,False,True,True,False,True,remover_tudo,stemming,regex
1,545,0.728095,0.080434,184.6,bow,1,minusculas>remover_acentos>remover_numeros>stopwords>morfologia,1,False,True,True,False,True,remover_tudo,stemming,linguistico
1,546,0.728027,0.063972,268.8,tfidf,1,minusculas>remover_acentos>remover_pontuacao>remover_numeros,1,True,True,True,True,True,manter,nenhuma,split
1,547,0.728027,0.063972,268.8,tfidf,1,minusculas>remover_acentos>remover_pontuacao>remover_numeros,1,True,True,True,True,True,manter,nenhuma,regex
1,548,0.728027,0.063972,268.8,tfidf,1,minusculas>remover_acentos>remover_pontuacao>remover_numeros,1,True,True,True,True,True,manter,nenhuma,linguistico
1,549,0.727516,0.023109,791.6,tfidf,2,remover_acentos>remover_numeros>morfologia,1,False,False,True,False,True,manter,lematizacao,split
1,550,0.727516,0.023109,791.6,tfidf,2,remover_acentos>remover_numeros>morfologia,1,False,False,True,False,True,manter,lematizacao,regex
1,551,0.727516,0.023109,791.6,tfidf,2,remover_acentos>remover_numeros>morfologia,1,False,False,True,False,True,manter,lematizacao,linguistico
1,552,0.726929,0.045883,706.6,bow,2,minusculas>remover_pontuacao>morfologia,1,False,True,False,True,False,manter,lematizacao,split
1,553,0.726929,0.045883,706.6,bow,2,minusculas>remover_pontuacao>morfologia,1,False,True,False,True,False,manter,lematizacao,regex
1,554,0.726929,0.045883,706.6,bow,2,minusculas>remover_pontuacao>morfologia,1,False,True,False,True,False,manter,lematizacao,linguistico
1,555,0.726514,0.085506,221.4,tfidf,1,remover_acentos>remover_numeros>stopwords>morfologia,1,False,False,True,False,True,preservar_negacoes,lematizacao,split
1,556,0.726514,0.085506,220.0,tfidf,1,remover_acentos>remover_numeros>stopwords>morfologia,1,False,False,True,False,True,preservar_negacoes,lematizacao,regex
1,557,0.726514,0.085506,220.0,tfidf,1,remover_acentos>remover_numeros>stopwords>morfologia,1,False,False,True,False,True,preservar_negacoes,lematizacao,linguistico
1,558,0.726437,0.074631,857.2,tfidf,2,minusculas>remover_numeros,1,False,True,False,False,True,manter,nenhuma,split
1,559,0.726437,0.074631,853.2,tfidf,2,minusculas>remover_acentos>remover_numeros,1,False,True,True,False,True,manter,nenhuma,split
1,560,0.726103,0.053757,706.6,tfidf,2,minusculas>remover_pontuacao>morfologia,1,False,True,False,True,False,manter,lematizacao,split
1,561,0.726103,0.053757,706.6,tfidf,2,minusculas>remover_pontuacao>morfologia,1,False,True,False,True,False,manter,lematizacao,regex
1,562,0.726103,0.053757,706.6,tfidf,2,minusculas>remover_pontuacao>morfologia,1,False,True,False,True,False,manter,lematizacao,linguistico
1,563,0.726103,0.053757,686.4,tfidf,2,minusculas>remover_pontuacao>remover_numeros>morfologia,1,False,True,False,True,True,manter,lematizacao,split
1,564,0.726103,0.053757,686.4,tfidf,2,minusculas>remover_pontuacao>remover_numeros>morfologia,1,False,True,False,True,True,manter,lematizacao,regex
1,565,0.726103,0.053757,686.4,tfidf,2,minusculas>remover_pontuacao>remover_numeros>morfologia,1,False,True,False,True,True,manter,lematizacao,linguistico
1,566,0.725598,0.135403,231.6,bow,1,minusculas>remover_numeros>stopwords,1,False,True,False,False,True,remover_tudo,nenhuma,linguistico
1,567,0.724307,0.157451,233.6,tfidf,1,minusculas>remover_numeros>stopwords,1,False,True,False,False,True,preservar_negacoes,nenhuma,regex
1,568,0.724307,0.157451,233.6,tfidf,1,minusculas>remover_numeros>stopwords,1,False,True,False,False,True,preservar_negacoes,nenhuma,linguistico
1,569,0.724307,0.157451,231.2,tfidf,1,minusculas>remover_acentos>remover_numeros>stopwords,1,False,True,True,False,True,preservar_negacoes,nenhuma,regex
1,570,0.724307,0.157451,231.2,tfidf,1,minusculas>remover_acentos>remover_numeros>stopwords,1,False,True,True,False,True,preservar_negacoes,nenhuma,linguistico
1,571,0.724265,0.095548,193.8,tfidf,1,stopwords>morfologia,1,False,False,False,False,False,preservar_negacoes,stemming,regex
1,572,0.724265,0.095548,193.8,tfidf,1,stopwords>morfologia,1,False,False,False,False,False,preservar_negacoes,stemming,linguistico
1,573,0.724265,0.095548,193.8,tfidf,1,minusculas>stopwords>morfologia,1,False,True,False,False,False,preservar_negacoes,stemming,regex
1,574,0.724265,0.095548,193.8,tfidf,1,minusculas>stopwords>morfologia,1,False,True,False,False,False,preservar_negacoes,stemming,linguistico
1,575,0.724172,0.111622,671.0,bow,2,minusculas>stopwords,1,False,True,False,False,False,preservar_negacoes,nenhuma,regex
1,576,0.724172,0.111622,671.8,bow,2,minusculas>stopwords,1,False,True,False,False,False,preservar_negacoes,nenhuma,linguistico
1,577,0.724172,0.111622,667.0,bow,2,minusculas>remover_acentos>stopwords,1,False,True,True,False,False,preservar_negacoes,nenhuma,regex
1,578,0.724172,0.111622,667.8,bow,2,minusculas>remover_acentos>stopwords,1,False,True,True,False,False,preservar_negacoes,nenhuma,linguistico
1,579,0.723913,0.101109,194.0,tfidf,1,remover_acentos>stopwords>morfologia,1,False,False,True,False,False,remover_tudo,stemming,regex
1,580,0.723913,0.101109,194.0,tfidf,1,remover_acentos>stopwords>morfologia,1,False,False,True,False,False,remover_tudo,stemming,linguistico
1,581,0.723913,0.101109,194.0,tfidf,1,minusculas>remover_acentos>stopwords>morfologia,1,False,True,True,False,False,remover_tudo,stemming,regex
1,582,0.723913,0.101109,194.0,tfidf,1,minusculas>remover_acentos>stopwords>morfologia,1,False,True,True,False,False,remover_tudo,stemming,linguistico
1,583,0.723817,0.093204,591.0,tfidf,2,remover_numeros>stopwords>morfologia,1,False,False,False,False,True,preservar_negacoes,stemming,regex
1,584,0.723817,0.093204,591.8,tfidf,2,remover_numeros>stopwords>morfologia,1,False,False,False,False,True,preservar_negacoes,stemming,linguistico
1,585,0.723817,0.093204,591.0,tfidf,2,minusculas>remover_numeros>stopwords>morfologia,1,False,True,False,False,True,preservar_negacoes,stemming,regex
1,586,0.723817,0.093204,591.8,tfidf,2,minusculas>remover_numeros>stopwords>morfologia,1,False,True,False,False,True,preservar_negacoes,stemming,linguistico
1,587,0.723809,0.085916,207.8,tfidf,1,minusculas>remover_acentos>remover_numeros>stopwords>morfologia,1,False,True,True,False,True,remover_tudo,lematizacao,split
1,588,0.723809,0.085916,207.2,tfidf,1,minusculas>remover_acentos>remover_numeros>stopwords>morfologia,1,False,True,True,False,True,remover_tudo,lematizacao,regex
1,589,0.723809,0.085916,207.2,tfidf,1,minusculas>remover_acentos>remover_numeros>stopwords>morfologia,1,False,True,True,False,True,remover_tudo,lematizacao,linguistico
1,590,0.723453,0.061716,813.0,bow,2,morfologia,1,False,False,False,False,False,manter,stemming,split
1,591,0.723453,0.061716,813.0,bow,2,minusculas>morfologia,1,False,True,False,False,False,manter,stemming,split
1,592,0.723393,0.133496,221.4,bow,1,remover_acentos>remover_numeros>stopwords>morfologia,1,False,False,True,False,True,preservar_negacoes,lematizacao,split
1,593,0.722845,0.076322,805.2,tfidf,2,remover_numeros>morfologia,1,False,False,False,False,True,manter,stemming,regex
1,594,0.722845,0.076322,806.0,tfidf,2,remover_numeros>morfologia,1,False,False,False,False,True,manter,stemming,linguistico
1,595,0.722845,0.076322,807.8,tfidf,2,remover_acentos>remover_numeros>morfologia,1,False,False,True,False,True,manter,stemming,regex
1,596,0.722845,0.076322,808.6,tfidf,2,remover_acentos>remover_numeros>morfologia,1,False,False,True,False,True,manter,stemming,linguistico
1,597,0.722845,0.076322,805.2,tfidf,2,minusculas>remover_numeros>morfologia,1,False,True,False,False,True,manter,stemming,regex
1,598,0.722845,0.076322,806.0,tfidf,2,minusculas>remover_numeros>morfologia,1,False,True,False,False,True,manter,stemming,linguistico
1,599,0.722845,0.076322,807.8,tfidf,2,minusculas>remover_acentos>remover_numeros>morfologia,1,False,True,True,False,True,manter,stemming,regex
1,600,0.722845,0.076322,808.6,tfidf,2,minusculas>remover_acentos>remover_numeros>morfologia,1,False,True,True,False,True,manter,stemming,linguistico
1,601,0.722531,0.067722,830.2,bow,2,remover_pontuacao,1,False,False,False,True,False,manter,nenhuma,split
1,602,0.722531,0.067722,830.2,bow,2,remover_pontuacao,1,False,False,False,True,False,manter,nenhuma,regex
1,603,0.722531,0.067722,830.2,bow,2,remover_pontuacao,1,False,False,False,True,False,manter,nenhuma,linguistico
1,604,0.722531,0.067722,827.0,bow,2,remover_acentos>remover_pontuacao,1,False,False,True,True,False,manter,nenhuma,split
1,605,0.722531,0.067722,827.0,bow,2,remover_acentos>remover_pontuacao,1,False,False,True,True,False,manter,nenhuma,regex
1,606,0.722531,0.067722,827.0,bow,2,remover_acentos>remover_pontuacao,1,False,False,True,True,False,manter,nenhuma,linguistico
1,607,0.722217,0.109582,225.8,bow,1,remover_acentos>remover_pontuacao>morfologia,1,False,False,True,True,False,manter,stemming,split
1,608,0.722217,0.109582,225.8,bow,1,remover_acentos>remover_pontuacao>morfologia,1,False,False,True,True,False,manter,stemming,regex
1,609,0.722217,0.109582,225.8,bow,1,remover_acentos>remover_pontuacao>morfologia,1,False,False,True,True,False,manter,stemming,linguistico
1,610,0.722217,0.109582,225.8,bow,1,minusculas>remover_acentos>remover_pontuacao>morfologia,1,False,True,True,True,False,manter,stemming,split
1,611,0.722217,0.109582,225.8,bow,1,minusculas>remover_acentos>remover_pontuacao>morfologia,1,False,True,True,True,False,manter,stemming,regex
1,612,0.722217,0.109582,225.8,bow,1,minusculas>remover_acentos>remover_pontuacao>morfologia,1,False,True,True,True,False,manter,stemming,linguistico
1,613,0.722090,0.093189,182.4,bow,1,remover_numeros>stopwords>morfologia,1,False,False,False,False,True,remover_tudo,stemming,regex
1,614,0.722090,0.093189,182.4,bow,1,remover_numeros>stopwords>morfologia,1,False,False,False,False,True,remover_tudo,stemming,linguistico
1,615,0.722090,0.093189,182.4,bow,1,minusculas>remover_numeros>stopwords>morfologia,1,False,True,False,False,True,remover_tudo,stemming,regex
1,616,0.722090,0.093189,182.4,bow,1,minusculas>remover_numeros>stopwords>morfologia,1,False,True,False,False,True,remover_tudo,stemming,linguistico
1,617,0.721522,0.101321,651.8,tfidf,2,remover_numeros>stopwords,1,False,False,False,False,True,preservar_negacoes,nenhuma,regex
1,618,0.721441,0.068732,801.8,bow,2,minusculas>remover_pontuacao>remover_numeros,1,False,True,False,True,True,manter,nenhuma,split
1,619,0.721441,0.068732,801.8,bow,2,minusculas>remover_pontuacao>remover_numeros,1,False,True,False,True,True,manter,nenhuma,regex
1,620,0.721441,0.068732,801.8,bow,2,minusculas>remover_pontuacao>remover_numeros,1,False,True,False,True,True,manter,nenhuma,linguistico
1,621,0.720810,0.095133,635.8,bow,2,remover_acentos>remover_numeros>stopwords>morfologia,1,False,False,True,False,True,preservar_negacoes,lematizacao,split
1,622,0.720810,0.095133,634.4,bow,2,remover_acentos>remover_numeros>stopwords>morfologia,1,False,False,True,False,True,preservar_negacoes,lematizacao,regex
1,623,0.720810,0.095133,634.4,bow,2,remover_acentos>remover_numeros>stopwords>morfologia,1,False,False,True,False,True,preservar_negacoes,lematizacao,linguistico
1,624,0.720771,0.067339,822.0,tfidf,2,minusculas>remover_pontuacao,1,False,True,False,True,False,manter,nenhuma,split
1,625,0.720771,0.067339,822.0,tfidf,2,minusculas>remover_pontuacao,1,False,True,False,True,False,manter,nenhuma,regex
1,626,0.720771,0.067339,822.0,tfidf,2,minusculas>remover_pontuacao,1,False,True,False,True,False,manter,nenhuma,linguistico
1,627,0.720771,0.067339,801.8,tfidf,2,minusculas>remover_pontuacao>remover_numeros,1,False,True,False,True,True,manter,nenhuma,split
1,628,0.720771,0.067339,801.8,tfidf,2,minusculas>remover_pontuacao>remover_numeros,1,False,True,False,True,True,manter,nenhuma,regex
1,629,0.720771,0.067339,801.8,tfidf,2,minusculas>remover_pontuacao>remover_numeros,1,False,True,False,True,True,manter,nenhuma,linguistico
1,630,0.720771,0.067339,818.0,tfidf,2,minusculas>remover_acentos>remover_pontuacao,1,True,True,True,True,False,manter,nenhuma,split
1,631,0.720771,0.067339,818.0,tfidf,2,minusculas>remover_acentos>remover_pontuacao,1,True,True,True,True,False,manter,nenhuma,regex
1,632,0.720771,0.067339,818.0,tfidf,2,minusculas>remover_acentos>remover_pontuacao,1,True,True,True,True,False,manter,nenhuma,linguistico
1,633,0.720771,0.067339,797.8,tfidf,2,minusculas>remover_acentos>remover_pontuacao>remover_numeros,1,True,True,True,True,True,manter,nenhuma,split
1,634,0.720771,0.067339,797.8,tfidf,2,minusculas>remover_acentos>remover_pontuacao>remover_numeros,1,True,True,True,True,True,manter,nenhuma,regex
1,635,0.720771,0.067339,797.8,tfidf,2,minusculas>remover_acentos>remover_pontuacao>remover_numeros,1,True,True,True,True,True,manter,nenhuma,linguistico
1,636,0.720574,0.128679,261.4,bow,1,minusculas>remover_acentos>remover_numeros>stopwords,1,False,True,True,False,True,preservar_negacoes,nenhuma,split
1,637,0.720319,0.101468,218.0,tfidf,1,minusculas>remover_acentos>stopwords>morfologia,1,False,True,True,False,False,remover_tudo,lematizacao,split
1,638,0.720319,0.101468,217.4,tfidf,1,minusculas>remover_acentos>stopwords>morfologia,1,False,True,True,False,False,remover_tudo,lematizacao,regex
1,639,0.720319,0.101468,217.4,tfidf,1,minusculas>remover_acentos>stopwords>morfologia,1,False,True,True,False,False,remover_tudo,lematizacao,linguistico
1,640,0.720093,0.078867,216.4,tfidf,1,minusculas>stopwords>morfologia,1,False,True,False,False,False,remover_tudo,lematizacao,split
1,641,0.720093,0.078867,215.8,tfidf,1,minusculas>stopwords>morfologia,1,False,True,False,False,False,remover_tudo,lematizacao,regex
1,642,0.720093,0.078867,215.8,tfidf,1,minusculas>stopwords>morfologia,1,False,True,False,False,False,remover_tudo,lematizacao,linguistico
1,643,0.719339,0.077414,635.8,bow,2,minusculas>stopwords>morfologia,1,False,True,False,False,False,remover_tudo,lematizacao,split
1,644,0.719339,0.077414,635.2,bow,2,minusculas>stopwords>morfologia,1,False,True,False,False,False,remover_tudo,lematizacao,regex
1,645,0.719339,0.077414,635.2,bow,2,minusculas>stopwords>morfologia,1,False,True,False,False,False,remover_tudo,lematizacao,linguistico
1,646,0.719286,0.100715,646.8,tfidf,2,minusculas>remover_numeros>stopwords,1,False,True,False,False,True,preservar_negacoes,nenhuma,regex
1,647,0.719286,0.100715,642.8,tfidf,2,minusculas>remover_acentos>remover_numeros>stopwords,1,False,True,True,False,True,preservar_negacoes,nenhuma,regex
1,648,0.719286,0.100715,643.6,tfidf,2,minusculas>remover_acentos>remover_numeros>stopwords,1,False,True,True,False,True,preservar_negacoes,nenhuma,linguistico
1,649,0.718613,0.129964,241.0,bow,1,minusculas>stopwords,1,False,True,False,False,False,remover_tudo,nenhuma,regex
1,650,0.718613,0.129964,241.0,bow,1,minusculas>stopwords,1,False,True,False,False,False,remover_tudo,nenhuma,linguistico
1,651,0.718613,0.129964,231.6,bow,1,minusculas>remover_numeros>stopwords,1,False,True,False,False,True,remover_tudo,nenhuma,regex
1,652,0.718613,0.129964,238.6,bow,1,minusculas>remover_acentos>stopwords,1,False,True,True,False,False,remover_tudo,nenhuma,regex
1,653,0.718613,0.129964,238.6,bow,1,minusculas>remover_acentos>stopwords,1,False,True,True,False,False,remover_tudo,nenhuma,linguistico
1,654,0.718613,0.129964,229.2,bow,1,minusculas>remover_acentos>remover_numeros>stopwords,1,False,True,True,False,True,remover_tudo,nenhuma,regex
1,655,0.718613,0.129964,229.2,bow,1,minusculas>remover_acentos>remover_numeros>stopwords,1,False,True,True,False,True,remover_tudo,nenhuma,linguistico
1,656,0.718580,0.058435,225.8,tfidf,1,remover_acentos>remover_pontuacao>morfologia,1,False,False,True,True,False,manter,stemming,split
1,657,0.718580,0.058435,225.8,tfidf,1,remover_acentos>remover_pontuacao>morfologia,1,False,False,True,True,False,manter,stemming,regex
1,658,0.718580,0.058435,225.8,tfidf,1,remover_acentos>remover_pontuacao>morfologia,1,False,False,True,True,False,manter,stemming,linguistico
1,659,0.718580,0.058435,225.8,tfidf,1,minusculas>remover_acentos>remover_pontuacao>morfologia,1,False,True,True,True,False,manter,stemming,split
1,660,0.718580,0.058435,225.8,tfidf,1,minusculas>remover_acentos>remover_pontuacao>morfologia,1,False,True,True,True,False,manter,stemming,regex
1,661,0.718580,0.058435,225.8,tfidf,1,minusculas>remover_acentos>remover_pontuacao>morfologia,1,False,True,True,True,False,manter,stemming,linguistico
1,662,0.718388,0.059256,815.8,bow,2,remover_acentos>morfologia,1,False,False,True,False,False,manter,lematizacao,split
1,663,0.718388,0.059256,815.8,bow,2,remover_acentos>morfologia,1,False,False,True,False,False,manter,lematizacao,regex
1,664,0.718388,0.059256,815.8,bow,2,remover_acentos>morfologia,1,False,False,True,False,False,manter,lematizacao,linguistico
1,665,0.717833,0.109017,191.8,tfidf,1,stopwords>morfologia,1,False,False,False,False,False,remover_tudo,stemming,regex
1,666,0.717833,0.109017,191.8,tfidf,1,stopwords>morfologia,1,False,False,False,False,False,remover_tudo,stemming,linguistico
1,667,0.717833,0.109017,182.4,tfidf,1,remover_numeros>stopwords>morfologia,1,False,False,False,False,True,remover_tudo,stemming,regex
1,668,0.717833,0.109017,182.4,tfidf,1,remover_numeros>stopwords>morfologia,1,False,False,False,False,True,remover_tudo,stemming,linguistico
1,669,0.717833,0.109017,191.8,tfidf,1,minusculas>stopwords>morfologia,1,False,True,False,False,False,remover_tudo,stemming,regex
1,670,0.717833,0.109017,191.8,tfidf,1,minusculas>stopwords>morfologia,1,False,True,False,False,False,remover_tudo,stemming,linguistico
1,671,0.717833,0.109017,182.4,tfidf,1,minusculas>remover_numeros>stopwords>morfologia,1,False,True,False,False,True,remover_tudo,stemming,regex
1,672,0.717833,0.109017,182.4,tfidf,1,minusculas>remover_numeros>stopwords>morfologia,1,False,True,False,False,True,remover_tudo,stemming,linguistico
1,673,0.716931,0.118404,646.8,bow,2,minusculas>remover_numeros>stopwords,1,False,True,False,False,True,preservar_negacoes,nenhuma,regex
1,674,0.716931,0.118404,647.6,bow,2,minusculas>remover_numeros>stopwords,1,False,True,False,False,True,preservar_negacoes,nenhuma,linguistico
1,675,0.716931,0.118404,642.8,bow,2,minusculas>remover_acentos>remover_numeros>stopwords,1,False,True,True,False,True,preservar_negacoes,nenhuma,regex
1,676,0.716931,0.118404,643.6,bow,2,minusculas>remover_acentos>remover_numeros>stopwords,1,False,True,True,False,True,preservar_negacoes,nenhuma,linguistico
1,677,0.716174,0.128058,220.0,bow,1,remover_acentos>remover_numeros>stopwords>morfologia,1,False,False,True,False,True,preservar_negacoes,lematizacao,regex
1,678,0.716174,0.128058,220.0,bow,1,remover_acentos>remover_numeros>stopwords>morfologia,1,False,False,True,False,True,preservar_negacoes,lematizacao,linguistico
1,679,0.715958,0.083248,579.0,bow,2,remover_numeros>stopwords>morfologia,1,False,False,False,False,True,remover_tudo,stemming,regex
1,680,0.715958,0.083248,579.8,bow,2,remover_numeros>stopwords>morfologia,1,False,False,False,False,True,remover_tudo,stemming,linguistico
1,681,0.715958,0.083248,580.8,bow,2,remover_acentos>remover_numeros>stopwords>morfologia,1,False,False,True,False,True,remover_tudo,stemming,regex
1,682,0.715958,0.083248,581.6,bow,2,remover_acentos>remover_numeros>stopwords>morfologia,1,False,False,True,False,True,remover_tudo,stemming,linguistico
1,683,0.715958,0.083248,579.0,bow,2,minusculas>remover_numeros>stopwords>morfologia,1,False,True,False,False,True,remover_tudo,stemming,regex
1,684,0.715958,0.083248,579.8,bow,2,minusculas>remover_numeros>stopwords>morfologia,1,False,True,False,False,True,remover_tudo,stemming,linguistico
1,685,0.715958,0.083248,580.8,bow,2,minusculas>remover_acentos>remover_numeros>stopwords>morfologia,1,False,True,True,False,True,remover_tudo,stemming,regex
1,686,0.715958,0.083248,581.6,bow,2,minusculas>remover_acentos>remover_numeros>stopwords>morfologia,1,False,True,True,False,True,remover_tudo,stemming,linguistico
1,687,0.715080,0.071612,810.0,bow,2,remover_pontuacao>remover_numeros,1,False,False,False,True,True,manter,nenhuma,split
1,688,0.715080,0.071612,810.0,bow,2,remover_pontuacao>remover_numeros,1,False,False,False,True,True,manter,nenhuma,regex
1,689,0.715080,0.071612,810.0,bow,2,remover_pontuacao>remover_numeros,1,False,False,False,True,True,manter,nenhuma,linguistico
1,690,0.715080,0.071612,806.8,bow,2,remover_acentos>remover_pontuacao>remover_numeros,1,False,False,True,True,True,manter,nenhuma,split
1,691,0.715080,0.071612,806.8,bow,2,remover_acentos>remover_pontuacao>remover_numeros,1,False,False,True,True,True,manter,nenhuma,regex
1,692,0.715080,0.071612,806.8,bow,2,remover_acentos>remover_pontuacao>remover_numeros,1,False,False,True,True,True,manter,nenhuma,linguistico
1,693,0.715003,0.091759,218.0,bow,1,minusculas>remover_acentos>stopwords>morfologia,1,False,True,True,False,False,remover_tudo,lematizacao,split
1,694,0.715003,0.091759,217.4,bow,1,minusculas>remover_acentos>stopwords>morfologia,1,False,True,True,False,False,remover_tudo,lematizacao,regex
1,695,0.715003,0.091759,217.4,bow,1,minusculas>remover_acentos>stopwords>morfologia,1,False,True,True,False,False,remover_tudo,lematizacao,linguistico
1,696,0.714934,0.109914,224.4,bow,1,remover_acentos>remover_numeros>stopwords>morfologia,1,False,False,True,False,True,preservar_negacoes,stemming,split
1,697,0.714934,0.109914,224.4,bow,1,minusculas>remover_acentos>remover_numeros>stopwords>morfologia,1,False,True,True,False,True,preservar_negacoes,stemming,split
1,698,0.714553,0.132480,230.8,bow,1,remover_acentos>stopwords>morfologia,1,False,False,True,False,False,preservar_negacoes,lematizacao,split
1,699,0.714523,0.107702,224.4,tfidf,1,remover_acentos>remover_numeros>stopwords>morfologia,1,False,False,True,False,True,preservar_negacoes,stemming,split
1,700,0.714523,0.107702,224.4,tfidf,1,minusculas>remover_acentos>remover_numeros>stopwords>morfologia,1,False,True,True,False,True,preservar_negacoes,stemming,split
1,701,0.714510,0.068263,232.0,bow,1,remover_acentos>stopwords>morfologia,1,False,False,True,False,False,remover_tudo,stemming,split
1,702,0.714510,0.068263,232.0,bow,1,minusculas>remover_acentos>stopwords>morfologia,1,False,True,True,False,False,remover_tudo,stemming,split
1,703,0.714436,0.089861,230.6,bow,1,stopwords>morfologia,1,False,False,False,False,False,remover_tudo,stemming,split
1,704,0.714436,0.089861,230.6,bow,1,minusculas>stopwords>morfologia,1,False,True,False,False,False,remover_tudo,stemming,split
1,705,0.714412,0.063782,731.2,bow,2,remover_pontuacao>remover_numeros>morfologia,1,False,False,False,True,True,manter,stemming,split
1,706,0.714412,0.063782,731.2,bow,2,remover_pontuacao>remover_numeros>morfologia,1,False,False,False,True,True,manter,stemming,regex
1,707,0.714412,0.063782,731.2,bow,2,remover_pontuacao>remover_numeros>morfologia,1,False,False,False,True,True,manter,stemming,linguistico
1,708,0.714412,0.063782,731.2,bow,2,minusculas>remover_pontuacao>remover_numeros>morfologia,1,False,True,False,True,True,manter,stemming,split
1,709,0.714412,0.063782,731.2,bow,2,minusculas>remover_pontuacao>remover_numeros>morfologia,1,False,True,False,True,True,manter,stemming,regex
1,710,0.714412,0.063782,731.2,bow,2,minusculas>remover_pontuacao>remover_numeros>morfologia,1,False,True,False,True,True,manter,stemming,linguistico
1,711,0.714384,0.098584,232.6,tfidf,1,stopwords>morfologia,1,False,False,False,False,False,preservar_negacoes,stemming,split
1,712,0.714384,0.098584,234.0,tfidf,1,remover_acentos>stopwords>morfologia,1,False,False,True,False,False,preservar_negacoes,stemming,split
1,713,0.714384,0.098584,232.6,tfidf,1,minusculas>stopwords>morfologia,1,False,True,False,False,False,preservar_negacoes,stemming,split
1,714,0.714384,0.098584,234.0,tfidf,1,minusculas>remover_acentos>stopwords>morfologia,1,False,True,True,False,False,preservar_negacoes,stemming,split
1,715,0.714335,0.080428,796.2,bow,2,remover_numeros>morfologia,1,False,False,False,False,True,manter,stemming,split
1,716,0.714335,0.080428,796.2,bow,2,minusculas>remover_numeros>morfologia,1,False,True,False,False,True,manter,stemming,split
1,717,0.714209,0.102573,592.2,tfidf,2,remover_acentos>remover_numeros>stopwords>morfologia,1,False,False,True,False,True,preservar_negacoes,stemming,regex
1,718,0.714209,0.102573,593.0,tfidf,2,remover_acentos>remover_numeros>stopwords>morfologia,1,False,False,True,False,True,preservar_negacoes,stemming,linguistico
1,719,0.714209,0.102573,592.2,tfidf,2,minusculas>remover_acentos>remover_numeros>stopwords>morfologia,1,False,True,True,False,True,preservar_negacoes,stemming,regex
1,720,0.714209,0.102573,593.0,tfidf,2,minusculas>remover_acentos>remover_numeros>stopwords>morfologia,1,False,True,True,False,True,preservar_negacoes,stemming,linguistico
1,721,0.714088,0.077235,822.0,bow,2,minusculas>remover_pontuacao,1,False,True,False,True,False,manter,nenhuma,split
1,722,0.714088,0.077235,822.0,bow,2,minusculas>remover_pontuacao,1,False,True,False,True,False,manter,nenhuma,regex
1,723,0.714088,0.077235,822.0,bow,2,minusculas>remover_pontuacao,1,False,True,False,True,False,manter,nenhuma,linguistico
1,724,0.714088,0.077235,818.0,bow,2,minusculas>remover_acentos>remover_pontuacao,1,True,True,True,True,False,manter,nenhuma,split
1,725,0.714088,0.077235,818.0,bow,2,minusculas>remover_acentos>remover_pontuacao,1,True,True,True,True,False,manter,nenhuma,regex
1,726,0.714088,0.077235,818.0,bow,2,minusculas>remover_acentos>remover_pontuacao,1,True,True,True,True,False,manter,nenhuma,linguistico
1,727,0.714088,0.077235,797.8,bow,2,minusculas>remover_acentos>remover_pontuacao>remover_numeros,1,True,True,True,True,True,manter,nenhuma,split
1,728,0.714088,0.077235,797.8,bow,2,minusculas>remover_acentos>remover_pontuacao>remover_numeros,1,True,True,True,True,True,manter,nenhuma,regex
1,729,0.714088,0.077235,797.8,bow,2,minusculas>remover_acentos>remover_pontuacao>remover_numeros,1,True,True,True,True,True,manter,nenhuma,linguistico
1,730,0.713352,0.109342,647.8,tfidf,2,remover_acentos>remover_numeros>stopwords,1,False,False,True,False,True,preservar_negacoes,nenhuma,regex
1,731,0.713352,0.109342,648.6,tfidf,2,remover_acentos>remover_numeros>stopwords,1,False,False,True,False,True,preservar_negacoes,nenhuma,linguistico
1,732,0.712047,0.130951,263.8,bow,1,minusculas>remover_numeros>stopwords,1,False,True,False,False,True,preservar_negacoes,nenhuma,split
1,733,0.711742,0.095441,652.6,tfidf,2,remover_numeros>stopwords,1,False,False,False,False,True,preservar_negacoes,nenhuma,linguistico
1,734,0.711582,0.119552,230.8,tfidf,1,remover_acentos>stopwords>morfologia,1,False,False,True,False,False,preservar_negacoes,lematizacao,split
1,735,0.711582,0.119552,229.4,tfidf,1,remover_acentos>stopwords>morfologia,1,False,False,True,False,False,preservar_negacoes,lematizacao,regex
1,736,0.711582,0.119552,229.4,tfidf,1,remover_acentos>stopwords>morfologia,1,False,False,True,False,False,preservar_negacoes,lematizacao,linguistico
1,737,0.710141,0.101459,226.2,bow,1,stopwords>morfologia,1,False,False,False,False,False,remover_tudo,lematizacao,split
1,738,0.710141,0.101459,226.2,bow,1,stopwords>morfologia,1,False,False,False,False,False,remover_tudo,lematizacao,regex
1,739,0.710141,0.101459,226.2,bow,1,stopwords>morfologia,1,False,False,False,False,False,remover_tudo,lematizacao,linguistico
1,740,0.710056,0.126142,235.4,bow,1,remover_numeros>stopwords,1,False,False,False,False,True,remover_tudo,nenhuma,linguistico
1,741,0.709865,0.044556,815.8,tfidf,2,remover_acentos>morfologia,1,False,False,True,False,False,manter,lematizacao,split
1,742,0.709865,0.044556,815.8,tfidf,2,remover_acentos>morfologia,1,False,False,True,False,False,manter,lematizacao,regex
1,743,0.709865,0.044556,815.8,tfidf,2,remover_acentos>morfologia,1,False,False,True,False,False,manter,lematizacao,linguistico
1,744,0.709707,0.094673,216.4,bow,1,minusculas>stopwords>morfologia,1,False,True,False,False,False,remover_tudo,lematizacao,split
1,745,0.709707,0.094673,215.8,bow,1,minusculas>stopwords>morfologia,1,False,True,False,False,False,remover_tudo,lematizacao,regex
1,746,0.709707,0.094673,215.8,bow,1,minusculas>stopwords>morfologia,1,False,True,False,False,False,remover_tudo,lematizacao,linguistico
1,747,0.709707,0.094673,206.4,bow,1,minusculas>remover_numeros>stopwords>morfologia,1,False,True,False,False,True,remover_tudo,lematizacao,split
1,748,0.709707,0.094673,205.8,bow,1,minusculas>remover_numeros>stopwords>morfologia,1,False,True,False,False,True,remover_tudo,lematizacao,regex
1,749,0.709707,0.094673,205.8,bow,1,minusculas>remover_numeros>stopwords>morfologia,1,False,True,False,False,True,remover_tudo,lematizacao,linguistico
1,750,0.709690,0.114363,651.8,bow,2,remover_numeros>stopwords,1,False,False,False,False,True,preservar_negacoes,nenhuma,regex
1,751,0.709690,0.114363,652.6,bow,2,remover_numeros>stopwords,1,False,False,False,False,True,preservar_negacoes,nenhuma,linguistico
1,752,0.709690,0.114363,647.8,bow,2,remover_acentos>remover_numeros>stopwords,1,False,False,True,False,True,preservar_negacoes,nenhuma,regex
1,753,0.709690,0.114363,648.6,bow,2,remover_acentos>remover_numeros>stopwords,1,False,False,True,False,True,preservar_negacoes,nenhuma,linguistico
1,754,0.709506,0.094508,647.6,tfidf,2,minusculas>remover_numeros>stopwords,1,False,True,False,False,True,preservar_negacoes,nenhuma,linguistico
1,755,0.708757,0.102522,676.0,bow,2,stopwords,1,False,False,False,False,False,preservar_negacoes,nenhuma,regex
1,756,0.708757,0.102522,676.8,bow,2,stopwords,1,False,False,False,False,False,preservar_negacoes,nenhuma,linguistico
1,757,0.708757,0.102522,672.0,bow,2,remover_acentos>stopwords,1,False,False,True,False,False,preservar_negacoes,nenhuma,regex
1,758,0.708757,0.102522,672.8,bow,2,remover_acentos>stopwords,1,False,False,True,False,False,preservar_negacoes,nenhuma,linguistico
1,759,0.708515,0.022282,722.4,tfidf,2,remover_pontuacao>morfologia,1,False,False,False,True,False,manter,lematizacao,split
1,760,0.708515,0.022282,722.4,tfidf,2,remover_pontuacao>morfologia,1,False,False,False,True,False,manter,lematizacao,regex
1,761,0.708515,0.022282,722.4,tfidf,2,remover_pontuacao>morfologia,1,False,False,False,True,False,manter,lematizacao,linguistico
1,762,0.707561,0.088422,207.8,bow,1,minusculas>remover_acentos>remover_numeros>stopwords>morfologia,1,False,True,True,False,True,remover_tudo,lematizacao,split
1,763,0.707561,0.088422,207.2,bow,1,minusculas>remover_acentos>remover_numeros>stopwords>morfologia,1,False,True,True,False,True,remover_tudo,lematizacao,regex
1,764,0.707561,0.088422,207.2,bow,1,minusculas>remover_acentos>remover_numeros>stopwords>morfologia,1,False,True,True,False,True,remover_tudo,lematizacao,linguistico
1,765,0.707334,0.126368,229.4,bow,1,remover_acentos>stopwords>morfologia,1,False,False,True,False,False,preservar_negacoes,lematizacao,regex
1,766,0.707334,0.126368,229.4,bow,1,remover_acentos>stopwords>morfologia,1,False,False,True,False,False,preservar_negacoes,lematizacao,linguistico
1,767,0.707334,0.029126,702.2,tfidf,2,remover_pontuacao>remover_numeros>morfologia,1,False,False,False,True,True,manter,lematizacao,split
1,768,0.707334,0.029126,702.2,tfidf,2,remover_pontuacao>remover_numeros>morfologia,1,False,False,False,True,True,manter,lematizacao,regex
1,769,0.707334,0.029126,702.2,tfidf,2,remover_pontuacao>remover_numeros>morfologia,1,False,False,False,True,True,manter,lematizacao,linguistico
1,770,0.706573,0.056080,731.2,tfidf,2,remover_pontuacao>remover_numeros>morfologia,1,False,False,False,True,True,manter,stemming,split
1,771,0.706573,0.056080,731.2,tfidf,2,remover_pontuacao>remover_numeros>morfologia,1,False,False,False,True,True,manter,stemming,regex
1,772,0.706573,0.056080,731.2,tfidf,2,remover_pontuacao>remover_numeros>morfologia,1,False,False,False,True,True,manter,stemming,linguistico
1,773,0.706573,0.056080,731.2,tfidf,2,minusculas>remover_pontuacao>remover_numeros>morfologia,1,False,True,False,True,True,manter,stemming,split
1,774,0.706573,0.056080,731.2,tfidf,2,minusculas>remover_pontuacao>remover_numeros>morfologia,1,False,True,False,True,True,manter,stemming,regex
1,775,0.706573,0.056080,731.2,tfidf,2,minusculas>remover_pontuacao>remover_numeros>morfologia,1,False,True,False,True,True,manter,stemming,linguistico
1,776,0.706498,0.096597,645.4,bow,2,stopwords>morfologia,1,False,False,False,False,False,remover_tudo,lematizacao,split
1,777,0.706498,0.096597,621.2,bow,2,remover_numeros>stopwords>morfologia,1,False,False,False,False,True,remover_tudo,lematizacao,split
1,778,0.706454,0.078780,699.0,tfidf,2,minusculas>remover_acentos>remover_pontuacao>remover_numeros>morfologia,1,False,True,True,True,True,manter,lematizacao,split
1,779,0.706454,0.078780,699.0,tfidf,2,minusculas>remover_acentos>remover_pontuacao>remover_numeros>morfologia,1,False,True,True,True,True,manter,lematizacao,regex
1,780,0.706454,0.078780,699.0,tfidf,2,minusculas>remover_acentos>remover_pontuacao>remover_numeros>morfologia,1,False,True,True,True,True,manter,lematizacao,linguistico
1,781,0.706314,0.075364,603.2,bow,2,stopwords>morfologia,1,False,False,False,False,False,remover_tudo,stemming,regex
1,782,0.706314,0.075364,604.0,bow,2,stopwords>morfologia,1,False,False,False,False,False,remover_tudo,stemming,linguistico
1,783,0.706314,0.075364,605.0,bow,2,remover_acentos>stopwords>morfologia,1,False,False,True,False,False,remover_tudo,stemming,regex
1,784,0.706314,0.075364,605.8,bow,2,remover_acentos>stopwords>morfologia,1,False,False,True,False,False,remover_tudo,stemming,linguistico
1,785,0.706314,0.075364,603.2,bow,2,minusculas>stopwords>morfologia,1,False,True,False,False,False,remover_tudo,stemming,regex
1,786,0.706314,0.075364,604.0,bow,2,minusculas>stopwords>morfologia,1,False,True,False,False,False,remover_tudo,stemming,linguistico
1,787,0.706314,0.075364,605.0,bow,2,minusculas>remover_acentos>stopwords>morfologia,1,False,True,True,False,False,remover_tudo,stemming,regex
1,788,0.706314,0.075364,605.8,bow,2,minusculas>remover_acentos>stopwords>morfologia,1,False,True,True,False,False,remover_tudo,stemming,linguistico
1,789,0.705970,0.108237,223.0,bow,1,remover_numeros>stopwords>morfologia,1,False,False,False,False,True,preservar_negacoes,stemming,split
1,790,0.705970,0.108237,223.0,bow,1,minusculas>remover_numeros>stopwords>morfologia,1,False,True,False,False,True,preservar_negacoes,stemming,split
1,791,0.705798,0.066252,751.4,bow,2,remover_pontuacao>morfologia,1,False,False,False,True,False,manter,stemming,split
1,792,0.705798,0.066252,751.4,bow,2,remover_pontuacao>morfologia,1,False,False,False,True,False,manter,stemming,regex
1,793,0.705798,0.066252,751.4,bow,2,remover_pontuacao>morfologia,1,False,False,False,True,False,manter,stemming,linguistico
1,794,0.705798,0.066252,751.4,bow,2,minusculas>remover_pontuacao>morfologia,1,False,True,False,True,False,manter,stemming,split
1,795,0.705798,0.066252,751.4,bow,2,minusculas>remover_pontuacao>morfologia,1,False,True,False,True,False,manter,stemming,regex
1,796,0.705798,0.066252,751.4,bow,2,minusculas>remover_pontuacao>morfologia,1,False,True,False,True,False,manter,stemming,linguistico
1,797,0.705339,0.098650,632.0,tfidf,2,remover_numeros>stopwords>morfologia,1,False,False,False,False,True,preservar_negacoes,lematizacao,split
1,798,0.704828,0.076963,751.4,tfidf,2,remover_pontuacao>morfologia,1,False,False,False,True,False,manter,stemming,split
1,799,0.704828,0.076963,751.4,tfidf,2,remover_pontuacao>morfologia,1,False,False,False,True,False,manter,stemming,regex
1,800,0.704828,0.076963,751.4,tfidf,2,remover_pontuacao>morfologia,1,False,False,False,True,False,manter,stemming,linguistico
1,801,0.704828,0.076963,751.4,tfidf,2,minusculas>remover_pontuacao>morfologia,1,False,True,False,True,False,manter,stemming,split
1,802,0.704828,0.076963,751.4,tfidf,2,minusculas>remover_pontuacao>morfologia,1,False,True,False,True,False,manter,stemming,regex
1,803,0.704828,0.076963,751.4,tfidf,2,minusculas>remover_pontuacao>morfologia,1,False,True,False,True,False,manter,stemming,linguistico
1,804,0.704636,0.122463,625.8,tfidf,2,minusculas>remover_acentos>remover_numeros>stopwords>morfologia,1,False,True,True,False,True,preservar_negacoes,lematizacao,split
1,805,0.704636,0.122463,624.4,tfidf,2,minusculas>remover_acentos>remover_numeros>stopwords>morfologia,1,False,True,True,False,True,preservar_negacoes,lematizacao,regex
1,806,0.704636,0.122463,624.4,tfidf,2,minusculas>remover_acentos>remover_numeros>stopwords>morfologia,1,False,True,True,False,True,preservar_negacoes,lematizacao,linguistico
1,807,0.704486,0.165594,237.4,tfidf,1,remover_numeros>stopwords,1,False,False,False,False,True,preservar_negacoes,nenhuma,regex
1,808,0.704486,0.165594,237.4,tfidf,1,remover_numeros>stopwords,1,False,False,False,False,True,preservar_negacoes,nenhuma,linguistico
1,809,0.704486,0.165594,244.4,tfidf,1,remover_acentos>stopwords,1,False,False,True,False,False,preservar_negacoes,nenhuma,regex
1,810,0.704486,0.165594,244.4,tfidf,1,remover_acentos>stopwords,1,False,False,True,False,False,preservar_negacoes,nenhuma,linguistico
1,811,0.704486,0.165594,235.0,tfidf,1,remover_acentos>remover_numeros>stopwords,1,False,False,True,False,True,preservar_negacoes,nenhuma,regex
1,812,0.704486,0.165594,235.0,tfidf,1,remover_acentos>remover_numeros>stopwords,1,False,False,True,False,True,preservar_negacoes,nenhuma,linguistico
1,813,0.704286,0.097495,612.2,bow,2,minusculas>remover_acentos>remover_numeros>stopwords>morfologia,1,False,True,True,False,True,remover_tudo,lematizacao,split
1,814,0.704286,0.097495,611.6,bow,2,minusculas>remover_acentos>remover_numeros>stopwords>morfologia,1,False,True,True,False,True,remover_tudo,lematizacao,regex
1,815,0.704286,0.097495,611.6,bow,2,minusculas>remover_acentos>remover_numeros>stopwords>morfologia,1,False,True,True,False,True,remover_tudo,lematizacao,linguistico
1,816,0.703343,0.164864,240.6,tfidf,1,minusculas>remover_acentos>stopwords,1,False,True,True,False,False,preservar_negacoes,nenhuma,regex
1,817,0.703343,0.164864,240.6,tfidf,1,minusculas>remover_acentos>stopwords,1,False,True,True,False,False,preservar_negacoes,nenhuma,linguistico
1,818,0.703156,0.121955,244.8,bow,1,stopwords,1,False,False,False,False,False,remover_tudo,nenhuma,regex
1,819,0.703156,0.121955,244.8,bow,1,stopwords,1,False,False,False,False,False,remover_tudo,nenhuma,linguistico
1,820,0.703156,0.121955,235.4,bow,1,remover_numeros>stopwords,1,False,False,False,False,True,remover_tudo,nenhuma,regex
1,821,0.703156,0.121955,242.4,bow,1,remover_acentos>stopwords,1,False,False,True,False,False,remover_tudo,nenhuma,regex
1,822,0.703156,0.121955,242.4,bow,1,remover_acentos>stopwords,1,False,False,True,False,False,remover_tudo,nenhuma,linguistico
1,823,0.703156,0.121955,233.0,bow,1,remover_acentos>remover_numeros>stopwords,1,False,False,True,False,True,remover_tudo,nenhuma,regex
1,824,0.703156,0.121955,233.0,bow,1,remover_acentos>remover_numeros>stopwords,1,False,False,True,False,True,remover_tudo,nenhuma,linguistico
1,825,0.703156,0.088194,646.6,tfidf,2,minusculas>stopwords>morfologia,1,False,True,False,False,False,preservar_negacoes,lematizacao,split
1,826,0.703156,0.088194,646.0,tfidf,2,minusculas>stopwords>morfologia,1,False,True,False,False,False,preservar_negacoes,lematizacao,regex
1,827,0.703156,0.088194,646.0,tfidf,2,minusculas>stopwords>morfologia,1,False,True,False,False,False,preservar_negacoes,lematizacao,linguistico
1,828,0.702602,0.129693,671.0,tfidf,2,minusculas>stopwords,1,False,True,False,False,False,preservar_negacoes,nenhuma,regex
1,829,0.702602,0.129693,671.8,tfidf,2,minusculas>stopwords,1,False,True,False,False,False,preservar_negacoes,nenhuma,linguistico
1,830,0.702602,0.129693,667.0,tfidf,2,minusculas>remover_acentos>stopwords,1,False,True,True,False,False,preservar_negacoes,nenhuma,regex
1,831,0.702602,0.129693,667.8,tfidf,2,minusculas>remover_acentos>stopwords,1,False,True,True,False,False,preservar_negacoes,nenhuma,linguistico
1,832,0.702221,0.075897,660.0,bow,2,remover_acentos>stopwords>morfologia,1,False,False,True,False,False,preservar_negacoes,lematizacao,split
1,833,0.702221,0.075897,658.6,bow,2,remover_acentos>stopwords>morfologia,1,False,False,True,False,False,preservar_negacoes,lematizacao,regex
1,834,0.702221,0.075897,658.6,bow,2,remover_acentos>stopwords>morfologia,1,False,False,True,False,False,preservar_negacoes,lematizacao,linguistico
1,835,0.701431,0.143098,264.4,bow,1,remover_acentos>remover_numeros>stopwords,1,False,False,True,False,True,preservar_negacoes,nenhuma,split
1,836,0.700625,0.022548,702.2,bow,2,remover_pontuacao>remover_numeros>morfologia,1,False,False,False,True,True,manter,lematizacao,split
1,837,0.700625,0.022548,702.2,bow,2,remover_pontuacao>remover_numeros>morfologia,1,False,False,False,True,True,manter,lematizacao,regex
1,838,0.700625,0.022548,702.2,bow,2,remover_pontuacao>remover_numeros>morfologia,1,False,False,False,True,True,manter,lematizacao,linguistico
1,839,0.700147,0.093688,638.0,bow,2,minusculas>remover_acentos>stopwords>morfologia,1,False,True,True,False,False,remover_tudo,lematizacao,split
1,840,0.700147,0.093688,637.4,bow,2,minusculas>remover_acentos>stopwords>morfologia,1,False,True,True,False,False,remover_tudo,lematizacao,regex
1,841,0.700147,0.093688,637.4,bow,2,minusculas>remover_acentos>stopwords>morfologia,1,False,True,True,False,False,remover_tudo,lematizacao,linguistico
1,842,0.699597,0.063559,733.8,tfidf,2,remover_acentos>remover_pontuacao>remover_numeros>morfologia,1,False,False,True,True,True,manter,stemming,split
1,843,0.699597,0.063559,733.8,tfidf,2,remover_acentos>remover_pontuacao>remover_numeros>morfologia,1,False,False,True,True,True,manter,stemming,regex
1,844,0.699597,0.063559,733.8,tfidf,2,remover_acentos>remover_pontuacao>remover_numeros>morfologia,1,False,False,True,True,True,manter,stemming,linguistico
1,845,0.699597,0.063559,733.8,tfidf,2,minusculas>remover_acentos>remover_pontuacao>remover_numeros>morfologia,1,False,True,True,True,True,manter,stemming,split
1,846,0.699597,0.063559,733.8,tfidf,2,minusculas>remover_acentos>remover_pontuacao>remover_numeros>morfologia,1,False,True,True,True,True,manter,stemming,regex
1,847,0.699597,0.063559,733.8,tfidf,2,minusculas>remover_acentos>remover_pontuacao>remover_numeros>morfologia,1,False,True,True,True,True,manter,stemming,linguistico
1,848,0.699574,0.106384,227.6,tfidf,1,stopwords>morfologia,1,False,False,False,False,False,preservar_negacoes,lematizacao,split
1,849,0.699574,0.106384,227.6,tfidf,1,stopwords>morfologia,1,False,False,False,False,False,preservar_negacoes,lematizacao,regex
1,850,0.699574,0.106384,227.6,tfidf,1,stopwords>morfologia,1,False,False,False,False,False,preservar_negacoes,lematizacao,linguistico
1,851,0.699354,0.111822,232.0,tfidf,1,remover_acentos>stopwords>morfologia,1,False,False,True,False,False,remover_tudo,stemming,split
1,852,0.699354,0.111822,232.0,tfidf,1,minusculas>remover_acentos>stopwords>morfologia,1,False,True,True,False,False,remover_tudo,stemming,split
1,853,0.698822,0.072599,754.0,bow,2,remover_acentos>remover_pontuacao>morfologia,1,False,False,True,True,False,manter,stemming,split
1,854,0.698822,0.072599,754.0,bow,2,remover_acentos>remover_pontuacao>morfologia,1,False,False,True,True,False,manter,stemming,regex
1,855,0.698822,0.072599,754.0,bow,2,remover_acentos>remover_pontuacao>morfologia,1,False,False,True,True,False,manter,stemming,linguistico
1,856,0.698822,0.072599,733.8,bow,2,remover_acentos>remover_pontuacao>remover_numeros>morfologia,1,False,False,True,True,True,manter,stemming,split
1,857,0.698822,0.072599,733.8,bow,2,remover_acentos>remover_pontuacao>remover_numeros>morfologia,1,False,False,True,True,True,manter,stemming,regex
1,858,0.698822,0.072599,733.8,bow,2,remover_acentos>remover_pontuacao>remover_numeros>morfologia,1,False,False,True,True,True,manter,stemming,linguistico
1,859,0.698822,0.072599,754.0,bow,2,minusculas>remover_acentos>remover_pontuacao>morfologia,1,False,True,True,True,False,manter,stemming,split
1,860,0.698822,0.072599,754.0,bow,2,minusculas>remover_acentos>remover_pontuacao>morfologia,1,False,True,True,True,False,manter,stemming,regex
1,861,0.698822,0.072599,754.0,bow,2,minusculas>remover_acentos>remover_pontuacao>morfologia,1,False,True,True,True,False,manter,stemming,linguistico
1,862,0.698822,0.072599,733.8,bow,2,minusculas>remover_acentos>remover_pontuacao>remover_numeros>morfologia,1,False,True,True,True,True,manter,stemming,split
1,863,0.698822,0.072599,733.8,bow,2,minusculas>remover_acentos>remover_pontuacao>remover_numeros>morfologia,1,False,True,True,True,True,manter,stemming,regex
1,864,0.698822,0.072599,733.8,bow,2,minusculas>remover_acentos>remover_pontuacao>remover_numeros>morfologia,1,False,True,True,True,True,manter,stemming,linguistico
1,865,0.698153,0.123743,815.0,bow,2,remover_acentos>morfologia,1,False,False,True,False,False,manter,stemming,split
1,866,0.698153,0.123743,798.2,bow,2,remover_acentos>remover_numeros>morfologia,1,False,False,True,False,True,manter,stemming,split
1,867,0.698153,0.123743,815.0,bow,2,minusculas>remover_acentos>morfologia,1,False,True,True,False,False,manter,stemming,split
1,868,0.698153,0.123743,798.2,bow,2,minusculas>remover_acentos>remover_numeros>morfologia,1,False,True,True,False,True,manter,stemming,split
1,869,0.698027,0.074650,623.6,bow,2,remover_acentos>remover_numeros>stopwords>morfologia,1,False,False,True,False,True,remover_tudo,lematizacao,split
1,870,0.698027,0.074650,623.0,bow,2,remover_acentos>remover_numeros>stopwords>morfologia,1,False,False,True,False,True,remover_tudo,lematizacao,regex
1,871,0.698027,0.074650,623.0,bow,2,remover_acentos>remover_numeros>stopwords>morfologia,1,False,False,True,False,True,remover_tudo,lematizacao,linguistico
1,872,0.697798,0.062442,719.2,tfidf,2,minusculas>remover_acentos>remover_pontuacao>morfologia,1,False,True,True,True,False,manter,lematizacao,split
1,873,0.697798,0.062442,719.2,tfidf,2,minusculas>remover_acentos>remover_pontuacao>morfologia,1,False,True,True,True,False,manter,lematizacao,regex
1,874,0.697798,0.062442,719.2,tfidf,2,minusculas>remover_acentos>remover_pontuacao>morfologia,1,False,True,True,True,False,manter,lematizacao,linguistico
1,875,0.697588,0.109616,616.4,tfidf,2,remover_acentos>stopwords>morfologia,1,False,False,True,False,False,preservar_negacoes,stemming,regex
1,876,0.697588,0.109616,617.2,tfidf,2,remover_acentos>stopwords>morfologia,1,False,False,True,False,False,preservar_negacoes,stemming,linguistico
1,877,0.697588,0.109616,616.4,tfidf,2,minusculas>remover_acentos>stopwords>morfologia,1,False,True,True,False,False,preservar_negacoes,stemming,regex
1,878,0.697588,0.109616,617.2,tfidf,2,minusculas>remover_acentos>stopwords>morfologia,1,False,True,True,False,False,preservar_negacoes,stemming,linguistico
1,879,0.697380,0.117810,271.4,tfidf,1,minusculas>stopwords,1,False,True,False,False,False,remover_tudo,nenhuma,split
1,880,0.697380,0.117810,269.0,tfidf,1,minusculas>remover_acentos>stopwords,1,False,True,True,False,False,remover_tudo,nenhuma,split
1,881,0.696937,0.108649,611.2,tfidf,2,minusculas>remover_numeros>stopwords>morfologia,1,False,True,False,False,True,remover_tudo,lematizacao,split
1,882,0.696937,0.108649,610.6,tfidf,2,minusculas>remover_numeros>stopwords>morfologia,1,False,True,False,False,True,remover_tudo,lematizacao,regex
1,883,0.696937,0.108649,610.6,tfidf,2,minusculas>remover_numeros>stopwords>morfologia,1,False,True,False,False,True,remover_tudo,lematizacao,linguistico
1,884,0.696882,0.107397,223.0,tfidf,1,remover_numeros>stopwords>morfologia,1,False,False,False,False,True,preservar_negacoes,stemming,split
1,885,0.696882,0.107397,223.0,tfidf,1,minusculas>remover_numeros>stopwords>morfologia,1,False,True,False,False,True,preservar_negacoes,stemming,split
1,886,0.696855,0.088614,645.4,bow,2,stopwords>morfologia,1,False,False,False,False,False,remover_tudo,lematizacao,regex
1,887,0.696855,0.088614,645.4,bow,2,stopwords>morfologia,1,False,False,False,False,False,remover_tudo,lematizacao,linguistico
1,888,0.696855,0.088614,621.2,bow,2,remover_numeros>stopwords>morfologia,1,False,False,False,False,True,remover_tudo,lematizacao,regex
1,889,0.696855,0.088614,621.2,bow,2,remover_numeros>stopwords>morfologia,1,False,False,False,False,True,remover_tudo,lematizacao,linguistico
1,890,0.696667,0.100713,206.2,bow,1,minusculas>remover_acentos>remover_pontuacao>remover_numeros>stopwords>morfologia,1,True,True,True,True,True,preservar_negacoes,lematizacao,split
1,891,0.696667,0.100713,206.2,bow,1,minusculas>remover_acentos>remover_pontuacao>remover_numeros>stopwords>morfologia,1,True,True,True,True,True,preservar_negacoes,lematizacao,regex
1,892,0.696667,0.100713,206.2,bow,1,minusculas>remover_acentos>remover_pontuacao>remover_numeros>stopwords>morfologia,1,True,True,True,True,True,preservar_negacoes,lematizacao,linguistico
1,893,0.696665,0.085797,632.0,tfidf,2,remover_numeros>stopwords>morfologia,1,False,False,False,False,True,preservar_negacoes,lematizacao,regex
1,894,0.696665,0.085797,632.0,tfidf,2,remover_numeros>stopwords>morfologia,1,False,False,False,False,True,preservar_negacoes,lematizacao,linguistico
1,895,0.696612,0.069383,216.8,tfidf,1,remover_numeros>stopwords>morfologia,1,False,False,False,False,True,remover_tudo,lematizacao,split
1,896,0.696612,0.069383,216.8,tfidf,1,remover_numeros>stopwords>morfologia,1,False,False,False,False,True,remover_tudo,lematizacao,regex
1,897,0.696612,0.069383,216.8,tfidf,1,remover_numeros>stopwords>morfologia,1,False,False,False,False,True,remover_tudo,lematizacao,linguistico
1,898,0.696048,0.095859,228.0,tfidf,1,remover_acentos>stopwords>morfologia,1,False,False,True,False,False,remover_tudo,lematizacao,split
1,899,0.696048,0.095859,227.4,tfidf,1,remover_acentos>stopwords>morfologia,1,False,False,True,False,False,remover_tudo,lematizacao,regex
1,900,0.696048,0.095859,227.4,tfidf,1,remover_acentos>stopwords>morfologia,1,False,False,True,False,False,remover_tudo,lematizacao,linguistico
1,901,0.695462,0.093521,204.0,bow,1,minusculas>remover_pontuacao>remover_numeros>stopwords>morfologia,1,False,True,False,True,True,preservar_negacoes,lematizacao,split
1,902,0.695462,0.093521,204.0,bow,1,minusculas>remover_pontuacao>remover_numeros>stopwords>morfologia,1,False,True,False,True,True,preservar_negacoes,lematizacao,regex
1,903,0.695462,0.093521,204.0,bow,1,minusculas>remover_pontuacao>remover_numeros>stopwords>morfologia,1,False,True,False,True,True,preservar_negacoes,lematizacao,linguistico
1,904,0.694912,0.121135,676.0,tfidf,2,stopwords,1,False,False,False,False,False,preservar_negacoes,nenhuma,regex
1,905,0.694912,0.121135,676.8,tfidf,2,stopwords,1,False,False,False,False,False,preservar_negacoes,nenhuma,linguistico
1,906,0.694912,0.121135,672.0,tfidf,2,remover_acentos>stopwords,1,False,False,True,False,False,preservar_negacoes,nenhuma,regex
1,907,0.694912,0.121135,672.8,tfidf,2,remover_acentos>stopwords,1,False,False,True,False,False,preservar_negacoes,nenhuma,linguistico
1,908,0.694467,0.040766,699.0,bow,2,minusculas>remover_acentos>remover_pontuacao>remover_numeros>morfologia,1,False,True,True,True,True,manter,lematizacao,split
1,909,0.694467,0.040766,699.0,bow,2,minusculas>remover_acentos>remover_pontuacao>remover_numeros>morfologia,1,False,True,True,True,True,manter,lematizacao,regex
1,910,0.694467,0.040766,699.0,bow,2,minusculas>remover_acentos>remover_pontuacao>remover_numeros>morfologia,1,False,True,True,True,True,manter,lematizacao,linguistico
1,911,0.693424,0.140803,266.8,bow,1,remover_numeros>stopwords,1,False,False,False,False,True,preservar_negacoes,nenhuma,split
1,912,0.693362,0.164272,246.8,tfidf,1,stopwords,1,False,False,False,False,False,preservar_negacoes,nenhuma,regex
1,913,0.693362,0.164272,246.8,tfidf,1,stopwords,1,False,False,False,False,False,preservar_negacoes,nenhuma,linguistico
1,914,0.692964,0.022123,722.4,bow,2,remover_pontuacao>morfologia,1,False,False,False,True,False,manter,lematizacao,split
1,915,0.692964,0.022123,722.4,bow,2,remover_pontuacao>morfologia,1,False,False,False,True,False,manter,lematizacao,regex
1,916,0.692964,0.022123,722.4,bow,2,remover_pontuacao>morfologia,1,False,False,False,True,False,manter,lematizacao,linguistico
1,917,0.692777,0.116257,586.8,bow,2,stopwords>morfologia,1,False,False,False,False,False,preservar_negacoes,stemming,split
1,918,0.692777,0.116257,587.2,bow,2,remover_acentos>stopwords>morfologia,1,False,False,True,False,False,preservar_negacoes,stemming,split
1,919,0.692777,0.116257,586.8,bow,2,minusculas>stopwords>morfologia,1,False,True,False,False,False,preservar_negacoes,stemming,split
1,920,0.692777,0.116257,587.2,bow,2,minusculas>remover_acentos>stopwords>morfologia,1,False,True,True,False,False,preservar_negacoes,stemming,split
1,921,0.692220,0.163440,243.0,tfidf,1,minusculas>stopwords,1,False,True,False,False,False,preservar_negacoes,nenhuma,regex
1,922,0.692220,0.163440,243.0,tfidf,1,minusculas>stopwords,1,False,True,False,False,False,preservar_negacoes,nenhuma,linguistico
1,923,0.691886,0.152030,261.4,tfidf,1,minusculas>remover_acentos>remover_numeros>stopwords,1,False,True,True,False,True,preservar_negacoes,nenhuma,split
1,924,0.691770,0.108558,230.6,tfidf,1,stopwords>morfologia,1,False,False,False,False,False,remover_tudo,stemming,split
1,925,0.691770,0.108558,230.6,tfidf,1,minusculas>stopwords>morfologia,1,False,True,False,False,False,remover_tudo,stemming,split
1,926,0.691488,0.096826,635.4,bow,2,minusculas>remover_numeros>stopwords,1,False,True,False,False,True,remover_tudo,nenhuma,regex
1,927,0.691488,0.096826,636.2,bow,2,minusculas>remover_numeros>stopwords,1,False,True,False,False,True,remover_tudo,nenhuma,linguistico
1,928,0.690172,0.106006,580.8,tfidf,2,remover_acentos>remover_numeros>stopwords>morfologia,1,False,False,True,False,True,remover_tudo,stemming,regex
1,929,0.690172,0.106006,581.6,tfidf,2,remover_acentos>remover_numeros>stopwords>morfologia,1,False,False,True,False,True,remover_tudo,stemming,linguistico
1,930,0.690172,0.106006,580.8,tfidf,2,minusculas>remover_acentos>remover_numeros>stopwords>morfologia,1,False,True,True,False,True,remover_tudo,stemming,regex
1,931,0.690172,0.106006,581.6,tfidf,2,minusculas>remover_acentos>remover_numeros>stopwords>morfologia,1,False,True,True,False,True,remover_tudo,stemming,linguistico
1,932,0.690162,0.073514,754.0,tfidf,2,remover_acentos>remover_pontuacao>morfologia,1,False,False,True,True,False,manter,stemming,split
1,933,0.690162,0.073514,754.0,tfidf,2,remover_acentos>remover_pontuacao>morfologia,1,False,False,True,True,False,manter,stemming,regex
1,934,0.690162,0.073514,754.0,tfidf,2,remover_acentos>remover_pontuacao>morfologia,1,False,False,True,True,False,manter,stemming,linguistico
1,935,0.690162,0.073514,754.0,tfidf,2,minusculas>remover_acentos>remover_pontuacao>morfologia,1,False,True,True,True,False,manter,stemming,split
1,936,0.690162,0.073514,754.0,tfidf,2,minusculas>remover_acentos>remover_pontuacao>morfologia,1,False,True,True,True,False,manter,stemming,regex
1,937,0.690162,0.073514,754.0,tfidf,2,minusculas>remover_acentos>remover_pontuacao>morfologia,1,False,True,True,True,False,manter,stemming,linguistico
1,938,0.690082,0.103910,605.8,tfidf,2,remover_acentos>stopwords>morfologia,1,False,False,True,False,False,remover_tudo,stemming,linguistico
1,939,0.690082,0.103910,605.8,tfidf,2,minusculas>remover_acentos>stopwords>morfologia,1,False,True,True,False,False,remover_tudo,stemming,linguistico
1,940,0.689902,0.112212,222.4,tfidf,1,remover_acentos>remover_numeros>stopwords>morfologia,1,False,False,True,False,True,remover_tudo,stemming,split
1,941,0.689902,0.112212,222.4,tfidf,1,minusculas>remover_acentos>remover_numeros>stopwords>morfologia,1,False,True,True,False,True,remover_tudo,stemming,split
1,942,0.689559,0.130431,274.4,tfidf,1,stopwords,1,False,False,False,False,False,remover_tudo,nenhuma,split
1,943,0.689559,0.130431,272.0,tfidf,1,remover_acentos>stopwords,1,False,False,True,False,False,remover_tudo,nenhuma,split
1,944,0.689159,0.098377,796.2,tfidf,2,remover_numeros>morfologia,1,False,False,False,False,True,manter,stemming,split
1,945,0.689159,0.098377,796.2,tfidf,2,minusculas>remover_numeros>morfologia,1,False,True,False,False,True,manter,stemming,split
1,946,0.688660,0.091234,543.2,bow,2,minusculas>remover_pontuacao>remover_numeros>stopwords>morfologia,1,False,True,False,True,True,preservar_negacoes,lematizacao,split
1,947,0.688660,0.091234,543.2,bow,2,minusculas>remover_pontuacao>remover_numeros>stopwords>morfologia,1,False,True,False,True,True,preservar_negacoes,lematizacao,regex
1,948,0.688660,0.091234,543.2,bow,2,minusculas>remover_pontuacao>remover_numeros>stopwords>morfologia,1,False,True,False,True,True,preservar_negacoes,lematizacao,linguistico
1,949,0.687905,0.101804,615.2,tfidf,2,stopwords>morfologia,1,False,False,False,False,False,preservar_negacoes,stemming,regex
1,950,0.687905,0.101804,616.0,tfidf,2,stopwords>morfologia,1,False,False,False,False,False,preservar_negacoes,stemming,linguistico
1,951,0.687905,0.101804,615.2,tfidf,2,minusculas>stopwords>morfologia,1,False,True,False,False,False,preservar_negacoes,stemming,regex
1,952,0.687905,0.101804,616.0,tfidf,2,minusculas>stopwords>morfologia,1,False,True,False,False,False,preservar_negacoes,stemming,linguistico
1,953,0.687442,0.098444,216.8,bow,1,remover_numeros>stopwords>morfologia,1,False,False,False,False,True,remover_tudo,lematizacao,split
1,954,0.687442,0.098444,216.8,bow,1,remover_numeros>stopwords>morfologia,1,False,False,False,False,True,remover_tudo,lematizacao,regex
1,955,0.687442,0.098444,216.8,bow,1,remover_numeros>stopwords>morfologia,1,False,False,False,False,True,remover_tudo,lematizacao,linguistico
1,956,0.686806,0.039051,719.2,bow,2,minusculas>remover_acentos>remover_pontuacao>morfologia,1,False,True,True,True,False,manter,lematizacao,split
1,957,0.686806,0.039051,719.2,bow,2,minusculas>remover_acentos>remover_pontuacao>morfologia,1,False,True,True,True,False,manter,lematizacao,regex
1,958,0.686806,0.039051,719.2,bow,2,minusculas>remover_acentos>remover_pontuacao>morfologia,1,False,True,True,True,False,manter,lematizacao,linguistico
1,959,0.686622,0.146151,570.0,bow,2,remover_numeros>stopwords>morfologia,1,False,False,False,False,True,preservar_negacoes,stemming,split
1,960,0.686622,0.146151,570.4,bow,2,remover_acentos>remover_numeros>stopwords>morfologia,1,False,False,True,False,True,preservar_negacoes,stemming,split
1,961,0.686622,0.146151,570.0,bow,2,minusculas>remover_numeros>stopwords>morfologia,1,False,True,False,False,True,preservar_negacoes,stemming,split
1,962,0.686622,0.146151,570.4,bow,2,minusculas>remover_acentos>remover_numeros>stopwords>morfologia,1,False,True,True,False,True,preservar_negacoes,stemming,split
1,963,0.685106,0.080057,206.2,tfidf,1,minusculas>remover_acentos>remover_pontuacao>remover_numeros>stopwords>morfologia,1,True,True,True,True,True,preservar_negacoes,lematizacao,split
1,964,0.685106,0.080057,206.2,tfidf,1,minusculas>remover_acentos>remover_pontuacao>remover_numeros>stopwords>morfologia,1,True,True,True,True,True,preservar_negacoes,lematizacao,regex
1,965,0.685106,0.080057,206.2,tfidf,1,minusculas>remover_acentos>remover_pontuacao>remover_numeros>stopwords>morfologia,1,True,True,True,True,True,preservar_negacoes,lematizacao,linguistico
1,966,0.684995,0.143031,631.0,bow,2,remover_acentos>stopwords,1,False,False,True,False,False,preservar_negacoes,nenhuma,split
1,967,0.684325,0.088892,640.4,bow,2,remover_numeros>stopwords,1,False,False,False,False,True,remover_tudo,nenhuma,regex
1,968,0.684325,0.088892,641.2,bow,2,remover_numeros>stopwords,1,False,False,False,False,True,remover_tudo,nenhuma,linguistico
1,969,0.683660,0.097332,635.8,tfidf,2,remover_acentos>remover_numeros>stopwords>morfologia,1,False,False,True,False,True,preservar_negacoes,lematizacao,split
1,970,0.683660,0.097332,634.4,tfidf,2,remover_acentos>remover_numeros>stopwords>morfologia,1,False,False,True,False,True,preservar_negacoes,lematizacao,regex
1,971,0.683660,0.097332,634.4,tfidf,2,remover_acentos>remover_numeros>stopwords>morfologia,1,False,False,True,False,True,preservar_negacoes,lematizacao,linguistico
1,972,0.683087,0.120363,221.0,tfidf,1,remover_numeros>stopwords>morfologia,1,False,False,False,False,True,remover_tudo,stemming,split
1,973,0.683087,0.120363,221.0,tfidf,1,minusculas>remover_numeros>stopwords>morfologia,1,False,True,False,False,True,remover_tudo,stemming,split
1,974,0.682887,0.123116,798.2,tfidf,2,remover_acentos>remover_numeros>morfologia,1,False,False,True,False,True,manter,stemming,split
1,975,0.682887,0.123116,798.2,tfidf,2,minusculas>remover_acentos>remover_numeros>morfologia,1,False,True,True,False,True,manter,stemming,split
1,976,0.682799,0.104600,216.2,tfidf,1,minusculas>remover_acentos>remover_pontuacao>stopwords>morfologia,1,False,True,True,True,False,preservar_negacoes,lematizacao,split
1,977,0.682799,0.104600,216.2,tfidf,1,minusculas>remover_acentos>remover_pontuacao>stopwords>morfologia,1,False,True,True,True,False,preservar_negacoes,lematizacao,regex
1,978,0.682799,0.104600,216.2,tfidf,1,minusculas>remover_acentos>remover_pontuacao>stopwords>morfologia,1,False,True,True,True,False,preservar_negacoes,lematizacao,linguistico
1,979,0.682599,0.159050,263.8,tfidf,1,minusculas>remover_numeros>stopwords,1,False,True,False,False,True,preservar_negacoes,nenhuma,split
1,980,0.682450,0.085178,218.6,tfidf,1,remover_acentos>remover_numeros>stopwords>morfologia,1,False,False,True,False,True,remover_tudo,lematizacao,split
1,981,0.682450,0.085178,218.0,tfidf,1,remover_acentos>remover_numeros>stopwords>morfologia,1,False,False,True,False,True,remover_tudo,lematizacao,regex
1,982,0.682450,0.085178,218.0,tfidf,1,remover_acentos>remover_numeros>stopwords>morfologia,1,False,False,True,False,True,remover_tudo,lematizacao,linguistico
1,983,0.682437,0.096066,545.8,bow,2,minusculas>remover_acentos>remover_pontuacao>remover_numeros>stopwords>morfologia,1,True,True,True,True,True,preservar_negacoes,lematizacao,split
1,984,0.682437,0.096066,545.8,bow,2,minusculas>remover_acentos>remover_pontuacao>remover_numeros>stopwords>morfologia,1,True,True,True,True,True,preservar_negacoes,lematizacao,regex
1,985,0.682437,0.096066,545.8,bow,2,minusculas>remover_acentos>remover_pontuacao>remover_numeros>stopwords>morfologia,1,True,True,True,True,True,preservar_negacoes,lematizacao,linguistico
1,986,0.682075,0.122205,221.0,bow,1,remover_numeros>stopwords>morfologia,1,False,False,False,False,True,remover_tudo,stemming,split
1,987,0.682075,0.122205,221.0,bow,1,minusculas>remover_numeros>stopwords>morfologia,1,False,True,False,False,True,remover_tudo,stemming,split
1,988,0.681964,0.091471,605.0,tfidf,2,remover_acentos>stopwords>morfologia,1,False,False,True,False,False,remover_tudo,stemming,regex
1,989,0.681964,0.091471,605.0,tfidf,2,minusculas>remover_acentos>stopwords>morfologia,1,False,True,True,False,False,remover_tudo,stemming,regex
1,990,0.681839,0.114346,579.0,tfidf,2,remover_numeros>stopwords>morfologia,1,False,False,False,False,True,remover_tudo,stemming,regex
1,991,0.681839,0.114346,579.8,tfidf,2,remover_numeros>stopwords>morfologia,1,False,False,False,False,True,remover_tudo,stemming,linguistico
1,992,0.681839,0.114346,579.0,tfidf,2,minusculas>remover_numeros>stopwords>morfologia,1,False,True,False,False,True,remover_tudo,stemming,regex
1,993,0.681839,0.114346,579.8,tfidf,2,minusculas>remover_numeros>stopwords>morfologia,1,False,True,False,False,True,remover_tudo,stemming,linguistico
1,994,0.681553,0.108392,218.6,bow,1,remover_acentos>remover_numeros>stopwords>morfologia,1,False,False,True,False,True,remover_tudo,lematizacao,split
1,995,0.681004,0.089189,228.0,bow,1,remover_acentos>stopwords>morfologia,1,False,False,True,False,False,remover_tudo,lematizacao,split
1,996,0.681004,0.089189,227.4,bow,1,remover_acentos>stopwords>morfologia,1,False,False,True,False,False,remover_tudo,lematizacao,regex
1,997,0.681004,0.089189,227.4,bow,1,remover_acentos>stopwords>morfologia,1,False,False,True,False,False,remover_tudo,lematizacao,linguistico
1,998,0.680992,0.093963,222.4,bow,1,remover_acentos>remover_numeros>stopwords>morfologia,1,False,False,True,False,True,remover_tudo,stemming,split
1,999,0.680992,0.093963,222.4,bow,1,minusculas>remover_acentos>remover_numeros>stopwords>morfologia,1,False,True,True,False,True,remover_tudo,stemming,split
1,1000,0.680638,0.099197,603.2,tfidf,2,stopwords>morfologia,1,False,False,False,False,False,remover_tudo,stemming,regex
1,1001,0.680638,0.099197,604.0,tfidf,2,stopwords>morfologia,1,False,False,False,False,False,remover_tudo,stemming,linguistico
1,1002,0.680638,0.099197,603.2,tfidf,2,minusculas>stopwords>morfologia,1,False,True,False,False,False,remover_tudo,stemming,regex
1,1003,0.680638,0.099197,604.0,tfidf,2,minusculas>stopwords>morfologia,1,False,True,False,False,False,remover_tudo,stemming,linguistico
1,1004,0.680499,0.097992,813.0,tfidf,2,morfologia,1,False,False,False,False,False,manter,stemming,split
1,1005,0.680499,0.097992,813.0,tfidf,2,minusculas>morfologia,1,False,True,False,False,False,manter,stemming,split
1,1006,0.680320,0.121720,271.4,bow,1,minusculas>stopwords,1,False,True,False,False,False,remover_tudo,nenhuma,split
1,1007,0.680168,0.081456,543.2,tfidf,2,minusculas>remover_pontuacao>remover_numeros>stopwords>morfologia,1,False,True,False,True,True,preservar_negacoes,lematizacao,split
1,1008,0.680168,0.081456,543.2,tfidf,2,minusculas>remover_pontuacao>remover_numeros>stopwords>morfologia,1,False,True,False,True,True,preservar_negacoes,lematizacao,regex
1,1009,0.680168,0.081456,543.2,tfidf,2,minusculas>remover_pontuacao>remover_numeros>stopwords>morfologia,1,False,True,False,True,True,preservar_negacoes,lematizacao,linguistico
1,1010,0.680121,0.128468,631.0,tfidf,2,remover_acentos>stopwords,1,False,False,True,False,False,preservar_negacoes,nenhuma,split
1,1011,0.679563,0.163935,266.8,tfidf,1,remover_numeros>stopwords,1,False,False,False,False,True,preservar_negacoes,nenhuma,split
1,1012,0.679563,0.163935,264.4,tfidf,1,remover_acentos>remover_numeros>stopwords,1,False,False,True,False,True,preservar_negacoes,nenhuma,split
1,1013,0.679033,0.075557,204.0,tfidf,1,minusculas>remover_pontuacao>remover_numeros>stopwords>morfologia,1,False,True,False,True,True,preservar_negacoes,lematizacao,split
1,1014,0.679033,0.075557,204.0,tfidf,1,minusculas>remover_pontuacao>remover_numeros>stopwords>morfologia,1,False,True,False,True,True,preservar_negacoes,lematizacao,regex
1,1015,0.679033,0.075557,204.0,tfidf,1,minusculas>remover_pontuacao>remover_numeros>stopwords>morfologia,1,False,True,False,True,True,preservar_negacoes,lematizacao,linguistico
1,1016,0.678627,0.090885,635.8,tfidf,2,minusculas>stopwords>morfologia,1,False,True,False,False,False,remover_tudo,lematizacao,split
1,1017,0.678627,0.090885,635.2,tfidf,2,minusculas>stopwords>morfologia,1,False,True,False,False,False,remover_tudo,lematizacao,regex
1,1018,0.678627,0.090885,635.2,tfidf,2,minusculas>stopwords>morfologia,1,False,True,False,False,False,remover_tudo,lematizacao,linguistico
1,1019,0.678609,0.120752,659.6,bow,2,minusculas>stopwords,1,False,True,False,False,False,remover_tudo,nenhuma,regex
1,1020,0.678609,0.120752,660.4,bow,2,minusculas>stopwords,1,False,True,False,False,False,remover_tudo,nenhuma,linguistico
1,1021,0.678609,0.120752,655.6,bow,2,minusculas>remover_acentos>stopwords,1,False,True,True,False,False,remover_tudo,nenhuma,regex
1,1022,0.678609,0.120752,656.4,bow,2,minusculas>remover_acentos>stopwords,1,False,True,True,False,False,remover_tudo,nenhuma,linguistico
1,1023,0.678609,0.120752,631.4,bow,2,minusculas>remover_acentos>remover_numeros>stopwords,1,False,True,True,False,True,remover_tudo,nenhuma,regex
1,1024,0.678609,0.120752,632.2,bow,2,minusculas>remover_acentos>remover_numeros>stopwords,1,False,True,True,False,True,remover_tudo,nenhuma,linguistico
1,1025,0.678027,0.055757,647.8,bow,2,remover_acentos>stopwords>morfologia,1,False,False,True,False,False,remover_tudo,lematizacao,split
1,1026,0.678027,0.055757,647.2,bow,2,remover_acentos>stopwords>morfologia,1,False,False,True,False,False,remover_tudo,lematizacao,regex
1,1027,0.678027,0.055757,647.2,bow,2,remover_acentos>stopwords>morfologia,1,False,False,True,False,False,remover_tudo,lematizacao,linguistico
1,1028,0.677365,0.110895,651.6,tfidf,2,minusculas>remover_acentos>stopwords>morfologia,1,False,True,True,False,False,preservar_negacoes,lematizacao,split
1,1029,0.677365,0.110895,650.2,tfidf,2,minusculas>remover_acentos>stopwords>morfologia,1,False,True,True,False,False,preservar_negacoes,lematizacao,regex
1,1030,0.677365,0.110895,650.2,tfidf,2,minusculas>remover_acentos>stopwords>morfologia,1,False,True,True,False,False,preservar_negacoes,lematizacao,linguistico
1,1031,0.676988,0.139561,635.0,bow,2,stopwords,1,False,False,False,False,False,preservar_negacoes,nenhuma,split
1,1032,0.676988,0.139561,626.8,bow,2,minusculas>remover_acentos>stopwords,1,False,True,True,False,False,preservar_negacoes,nenhuma,split
1,1033,0.676747,0.094246,545.8,tfidf,2,minusculas>remover_acentos>remover_pontuacao>remover_numeros>stopwords>morfologia,1,True,True,True,True,True,preservar_negacoes,lematizacao,split
1,1034,0.676747,0.094246,545.8,tfidf,2,minusculas>remover_acentos>remover_pontuacao>remover_numeros>stopwords>morfologia,1,True,True,True,True,True,preservar_negacoes,lematizacao,regex
1,1035,0.676747,0.094246,545.8,tfidf,2,minusculas>remover_acentos>remover_pontuacao>remover_numeros>stopwords>morfologia,1,True,True,True,True,True,preservar_negacoes,lematizacao,linguistico
1,1036,0.674601,0.102902,218.0,bow,1,remover_acentos>remover_numeros>stopwords>morfologia,1,False,False,True,False,True,remover_tudo,lematizacao,regex
1,1037,0.674601,0.102902,218.0,bow,1,remover_acentos>remover_numeros>stopwords>morfologia,1,False,False,True,False,True,remover_tudo,lematizacao,linguistico
1,1038,0.674227,0.122255,815.0,tfidf,2,remover_acentos>morfologia,1,False,False,True,False,False,manter,stemming,split
1,1039,0.674227,0.122255,815.0,tfidf,2,minusculas>remover_acentos>morfologia,1,False,True,True,False,False,manter,stemming,split
1,1040,0.673627,0.154869,216.2,bow,1,minusculas>remover_acentos>remover_pontuacao>stopwords>morfologia,1,False,True,True,True,False,preservar_negacoes,lematizacao,split
1,1041,0.673627,0.154869,216.2,bow,1,minusculas>remover_acentos>remover_pontuacao>stopwords>morfologia,1,False,True,True,True,False,preservar_negacoes,lematizacao,regex
1,1042,0.673627,0.154869,216.2,bow,1,minusculas>remover_acentos>remover_pontuacao>stopwords>morfologia,1,False,True,True,True,False,preservar_negacoes,lematizacao,linguistico
1,1043,0.673312,0.037052,734.8,tfidf,2,remover_acentos>remover_pontuacao>morfologia,1,False,False,True,True,False,manter,lematizacao,split
1,1044,0.673312,0.037052,734.8,tfidf,2,remover_acentos>remover_pontuacao>morfologia,1,False,False,True,True,False,manter,lematizacao,regex
1,1045,0.673312,0.037052,734.8,tfidf,2,remover_acentos>remover_pontuacao>morfologia,1,False,False,True,True,False,manter,lematizacao,linguistico
1,1046,0.673312,0.037052,714.6,tfidf,2,remover_acentos>remover_pontuacao>remover_numeros>morfologia,1,False,False,True,True,True,manter,lematizacao,split
1,1047,0.673312,0.037052,714.6,tfidf,2,remover_acentos>remover_pontuacao>remover_numeros>morfologia,1,False,False,True,True,True,manter,lematizacao,regex
1,1048,0.673312,0.037052,714.6,tfidf,2,remover_acentos>remover_pontuacao>remover_numeros>morfologia,1,False,False,True,True,True,manter,lematizacao,linguistico
1,1049,0.672961,0.136004,274.4,bow,1,stopwords,1,False,False,False,False,False,remover_tudo,nenhuma,split
1,1050,0.671549,0.131600,635.0,tfidf,2,stopwords,1,False,False,False,False,False,preservar_negacoes,nenhuma,split
1,1051,0.671549,0.131600,626.8,tfidf,2,minusculas>remover_acentos>stopwords,1,False,True,True,False,False,preservar_negacoes,nenhuma,split
1,1052,0.671446,0.113477,636.4,bow,2,remover_acentos>remover_numeros>stopwords,1,False,False,True,False,True,remover_tudo,nenhuma,regex
1,1053,0.671446,0.113477,637.2,bow,2,remover_acentos>remover_numeros>stopwords,1,False,False,True,False,True,remover_tudo,nenhuma,linguistico
1,1054,0.671420,0.151941,238.6,tfidf,1,minusculas>remover_acentos>stopwords,1,False,True,True,False,False,remover_tudo,nenhuma,regex
1,1055,0.671420,0.151941,238.6,tfidf,1,minusculas>remover_acentos>stopwords,1,False,True,True,False,False,remover_tudo,nenhuma,linguistico
1,1056,0.671278,0.113300,269.0,bow,1,minusculas>remover_acentos>stopwords,1,False,True,True,False,False,remover_tudo,nenhuma,split
1,1057,0.671211,0.097487,226.2,tfidf,1,stopwords>morfologia,1,False,False,False,False,False,remover_tudo,lematizacao,split
1,1058,0.671211,0.097487,226.2,tfidf,1,stopwords>morfologia,1,False,False,False,False,False,remover_tudo,lematizacao,regex
1,1059,0.671211,0.097487,226.2,tfidf,1,stopwords>morfologia,1,False,False,False,False,False,remover_tudo,lematizacao,linguistico
1,1060,0.668460,0.138340,630.8,bow,2,minusculas>stopwords,1,False,True,False,False,False,preservar_negacoes,nenhuma,split
1,1061,0.668301,0.109060,518.2,bow,2,remover_acentos>remover_pontuacao>remover_numeros>stopwords>morfologia,1,False,False,True,True,True,preservar_negacoes,stemming,split
1,1062,0.668301,0.109060,518.2,bow,2,remover_acentos>remover_pontuacao>remover_numeros>stopwords>morfologia,1,False,False,True,True,True,preservar_negacoes,stemming,regex
1,1063,0.668301,0.109060,518.2,bow,2,remover_acentos>remover_pontuacao>remover_numeros>stopwords>morfologia,1,False,False,True,True,True,preservar_negacoes,stemming,linguistico
1,1064,0.668301,0.109060,518.2,bow,2,minusculas>remover_acentos>remover_pontuacao>remover_numeros>stopwords>morfologia,1,True,True,True,True,True,preservar_negacoes,stemming,split
1,1065,0.668301,0.109060,518.2,bow,2,minusculas>remover_acentos>remover_pontuacao>remover_numeros>stopwords>morfologia,1,True,True,True,True,True,preservar_negacoes,stemming,regex
1,1066,0.668301,0.109060,518.2,bow,2,minusculas>remover_acentos>remover_pontuacao>remover_numeros>stopwords>morfologia,1,True,True,True,True,True,preservar_negacoes,stemming,linguistico
1,1067,0.667685,0.096230,587.2,tfidf,2,remover_acentos>stopwords>morfologia,1,False,False,True,False,False,preservar_negacoes,stemming,split
1,1068,0.667685,0.096230,587.2,tfidf,2,minusculas>remover_acentos>stopwords>morfologia,1,False,True,True,False,False,preservar_negacoes,stemming,split
1,1069,0.664673,0.123209,231.6,tfidf,1,minusculas>remover_numeros>stopwords,1,False,True,False,False,True,remover_tudo,nenhuma,regex
1,1070,0.664673,0.123209,231.6,tfidf,1,minusculas>remover_numeros>stopwords,1,False,True,False,False,True,remover_tudo,nenhuma,linguistico
1,1071,0.664673,0.123209,229.2,tfidf,1,minusculas>remover_acentos>remover_numeros>stopwords,1,False,True,True,False,True,remover_tudo,nenhuma,regex
1,1072,0.664673,0.123209,229.2,tfidf,1,minusculas>remover_acentos>remover_numeros>stopwords,1,False,True,True,False,True,remover_tudo,nenhuma,linguistico
1,1073,0.664339,0.090063,660.0,tfidf,2,remover_acentos>stopwords>morfologia,1,False,False,True,False,False,preservar_negacoes,lematizacao,split
1,1074,0.664339,0.090063,658.6,tfidf,2,remover_acentos>stopwords>morfologia,1,False,False,True,False,False,preservar_negacoes,lematizacao,regex
1,1075,0.664339,0.090063,658.6,tfidf,2,remover_acentos>stopwords>morfologia,1,False,False,True,False,False,preservar_negacoes,lematizacao,linguistico
1,1076,0.664279,0.148810,242.4,tfidf,1,remover_acentos>stopwords,1,False,False,True,False,False,remover_tudo,nenhuma,regex
1,1077,0.664279,0.148810,242.4,tfidf,1,remover_acentos>stopwords,1,False,False,True,False,False,remover_tudo,nenhuma,linguistico
1,1078,0.663919,0.127875,272.0,bow,1,remover_acentos>stopwords,1,False,False,True,False,False,remover_tudo,nenhuma,split
1,1079,0.663717,0.118416,214.8,bow,1,minusculas>remover_pontuacao>stopwords>morfologia,1,False,True,False,True,False,preservar_negacoes,lematizacao,split
1,1080,0.663717,0.118416,214.8,bow,1,minusculas>remover_pontuacao>stopwords>morfologia,1,False,True,False,True,False,preservar_negacoes,lematizacao,regex
1,1081,0.663717,0.118416,214.8,bow,1,minusculas>remover_pontuacao>stopwords>morfologia,1,False,True,False,True,False,preservar_negacoes,lematizacao,linguistico
1,1082,0.663516,0.108557,664.6,bow,2,stopwords,1,False,False,False,False,False,remover_tudo,nenhuma,regex
1,1083,0.663516,0.108557,665.4,bow,2,stopwords,1,False,False,False,False,False,remover_tudo,nenhuma,linguistico
1,1084,0.663516,0.108557,660.6,bow,2,remover_acentos>stopwords,1,False,False,True,False,False,remover_tudo,nenhuma,regex
1,1085,0.663516,0.108557,661.4,bow,2,remover_acentos>stopwords,1,False,False,True,False,False,remover_tudo,nenhuma,linguistico
1,1086,0.663003,0.108385,612.2,tfidf,2,minusculas>remover_acentos>remover_numeros>stopwords>morfologia,1,False,True,True,False,True,remover_tudo,lematizacao,split
1,1087,0.663003,0.108385,611.6,tfidf,2,minusculas>remover_acentos>remover_numeros>stopwords>morfologia,1,False,True,True,False,True,remover_tudo,lematizacao,regex
1,1088,0.663003,0.108385,611.6,tfidf,2,minusculas>remover_acentos>remover_numeros>stopwords>morfologia,1,False,True,True,False,True,remover_tudo,lematizacao,linguistico
1,1089,0.662831,0.095682,203.4,bow,1,minusculas>remover_acentos>remover_pontuacao>remover_numeros>stopwords>morfologia,1,True,True,True,True,True,remover_tudo,lematizacao,split
1,1090,0.662831,0.095682,203.4,bow,1,minusculas>remover_acentos>remover_pontuacao>remover_numeros>stopwords>morfologia,1,True,True,True,True,True,remover_tudo,lematizacao,regex
1,1091,0.662831,0.095682,203.4,bow,1,minusculas>remover_acentos>remover_pontuacao>remover_numeros>stopwords>morfologia,1,True,True,True,True,True,remover_tudo,lematizacao,linguistico
1,1092,0.662263,0.137950,630.8,tfidf,2,minusculas>stopwords,1,False,True,False,False,False,preservar_negacoes,nenhuma,split
1,1093,0.661609,0.171308,230.8,bow,1,minusculas>remover_pontuacao>remover_numeros>stopwords,1,False,True,False,True,True,preservar_negacoes,nenhuma,split
1,1094,0.661609,0.171308,230.8,bow,1,minusculas>remover_pontuacao>remover_numeros>stopwords,1,False,True,False,True,True,preservar_negacoes,nenhuma,regex
1,1095,0.661609,0.171308,230.8,bow,1,minusculas>remover_pontuacao>remover_numeros>stopwords,1,False,True,False,True,True,preservar_negacoes,nenhuma,linguistico
1,1096,0.661609,0.171308,228.4,bow,1,minusculas>remover_acentos>remover_pontuacao>remover_numeros>stopwords,1,True,True,True,True,True,preservar_negacoes,nenhuma,split
1,1097,0.661609,0.171308,228.4,bow,1,minusculas>remover_acentos>remover_pontuacao>remover_numeros>stopwords,1,True,True,True,True,True,preservar_negacoes,nenhuma,regex
1,1098,0.661609,0.171308,228.4,bow,1,minusculas>remover_acentos>remover_pontuacao>remover_numeros>stopwords,1,True,True,True,True,True,preservar_negacoes,nenhuma,linguistico
1,1099,0.661398,0.072109,215.0,tfidf,1,remover_pontuacao>remover_numeros>stopwords>morfologia,1,False,False,False,True,True,preservar_negacoes,lematizacao,split
1,1100,0.661398,0.072109,215.0,tfidf,1,remover_pontuacao>remover_numeros>stopwords>morfologia,1,False,False,False,True,True,preservar_negacoes,lematizacao,regex
1,1101,0.661398,0.072109,215.0,tfidf,1,remover_pontuacao>remover_numeros>stopwords>morfologia,1,False,False,False,True,True,preservar_negacoes,lematizacao,linguistico
1,1102,0.660937,0.021514,734.8,bow,2,remover_acentos>remover_pontuacao>morfologia,1,False,False,True,True,False,manter,lematizacao,split
1,1103,0.660937,0.021514,734.8,bow,2,remover_acentos>remover_pontuacao>morfologia,1,False,False,True,True,False,manter,lematizacao,regex
1,1104,0.660937,0.021514,734.8,bow,2,remover_acentos>remover_pontuacao>morfologia,1,False,False,True,True,False,manter,lematizacao,linguistico
1,1105,0.660937,0.021514,714.6,bow,2,remover_acentos>remover_pontuacao>remover_numeros>morfologia,1,False,False,True,True,True,manter,lematizacao,split
1,1106,0.660937,0.021514,714.6,bow,2,remover_acentos>remover_pontuacao>remover_numeros>morfologia,1,False,False,True,True,True,manter,lematizacao,regex
1,1107,0.660937,0.021514,714.6,bow,2,remover_acentos>remover_pontuacao>remover_numeros>morfologia,1,False,False,True,True,True,manter,lematizacao,linguistico
1,1108,0.660677,0.151148,241.0,tfidf,1,minusculas>stopwords,1,False,True,False,False,False,remover_tudo,nenhuma,regex
1,1109,0.660677,0.151148,241.0,tfidf,1,minusculas>stopwords,1,False,True,False,False,False,remover_tudo,nenhuma,linguistico
1,1110,0.660408,0.082313,518.2,tfidf,2,remover_acentos>remover_pontuacao>remover_numeros>stopwords>morfologia,1,False,False,True,True,True,preservar_negacoes,stemming,split
1,1111,0.660408,0.082313,518.2,tfidf,2,remover_acentos>remover_pontuacao>remover_numeros>stopwords>morfologia,1,False,False,True,True,True,preservar_negacoes,stemming,regex
1,1112,0.660408,0.082313,518.2,tfidf,2,remover_acentos>remover_pontuacao>remover_numeros>stopwords>morfologia,1,False,False,True,True,True,preservar_negacoes,stemming,linguistico
1,1113,0.660408,0.082313,518.2,tfidf,2,minusculas>remover_acentos>remover_pontuacao>remover_numeros>stopwords>morfologia,1,True,True,True,True,True,preservar_negacoes,stemming,split
1,1114,0.660408,0.082313,518.2,tfidf,2,minusculas>remover_acentos>remover_pontuacao>remover_numeros>stopwords>morfologia,1,True,True,True,True,True,preservar_negacoes,stemming,regex
1,1115,0.660408,0.082313,518.2,tfidf,2,minusculas>remover_acentos>remover_pontuacao>remover_numeros>stopwords>morfologia,1,True,True,True,True,True,preservar_negacoes,stemming,linguistico
1,1116,0.659346,0.100223,575.8,bow,2,remover_acentos>stopwords>morfologia,1,False,False,True,False,False,remover_tudo,stemming,split
1,1117,0.659346,0.100223,575.8,bow,2,minusculas>remover_acentos>stopwords>morfologia,1,False,True,True,False,False,remover_tudo,stemming,split
1,1118,0.658052,0.095872,638.0,tfidf,2,minusculas>remover_acentos>stopwords>morfologia,1,False,True,True,False,False,remover_tudo,lematizacao,split
1,1119,0.657777,0.094333,214.8,tfidf,1,minusculas>remover_pontuacao>stopwords>morfologia,1,False,True,False,True,False,preservar_negacoes,lematizacao,split
1,1120,0.657777,0.094333,214.8,tfidf,1,minusculas>remover_pontuacao>stopwords>morfologia,1,False,True,False,True,False,preservar_negacoes,lematizacao,regex
1,1121,0.657777,0.094333,214.8,tfidf,1,minusculas>remover_pontuacao>stopwords>morfologia,1,False,True,False,True,False,preservar_negacoes,lematizacao,linguistico
1,1122,0.657309,0.099852,586.8,tfidf,2,stopwords>morfologia,1,False,False,False,False,False,preservar_negacoes,stemming,split
1,1123,0.657309,0.099852,586.8,tfidf,2,minusculas>stopwords>morfologia,1,False,True,False,False,False,preservar_negacoes,stemming,split
1,1124,0.657155,0.149548,558.0,bow,2,remover_numeros>stopwords>morfologia,1,False,False,False,False,True,remover_tudo,stemming,split
1,1125,0.657155,0.149548,558.0,bow,2,minusculas>remover_numeros>stopwords>morfologia,1,False,True,False,False,True,remover_tudo,stemming,split
1,1126,0.655558,0.109943,621.2,tfidf,2,remover_numeros>stopwords>morfologia,1,False,False,False,False,True,remover_tudo,lematizacao,split
1,1127,0.655542,0.108656,640.4,tfidf,2,remover_numeros>stopwords,1,False,False,False,False,True,remover_tudo,nenhuma,regex
1,1128,0.655542,0.108656,636.4,tfidf,2,remover_acentos>remover_numeros>stopwords,1,False,False,True,False,True,remover_tudo,nenhuma,regex
1,1129,0.655542,0.108656,637.2,tfidf,2,remover_acentos>remover_numeros>stopwords,1,False,False,True,False,True,remover_tudo,nenhuma,linguistico
1,1130,0.655070,0.116151,230.8,tfidf,1,minusculas>remover_pontuacao>remover_numeros>stopwords,1,False,True,False,True,True,preservar_negacoes,nenhuma,split
1,1131,0.655070,0.116151,230.8,tfidf,1,minusculas>remover_pontuacao>remover_numeros>stopwords,1,False,True,False,True,True,preservar_negacoes,nenhuma,regex
1,1132,0.655070,0.116151,230.8,tfidf,1,minusculas>remover_pontuacao>remover_numeros>stopwords,1,False,True,False,True,True,preservar_negacoes,nenhuma,linguistico
1,1133,0.655070,0.116151,228.4,tfidf,1,minusculas>remover_acentos>remover_pontuacao>remover_numeros>stopwords,1,True,True,True,True,True,preservar_negacoes,nenhuma,split
1,1134,0.655070,0.116151,228.4,tfidf,1,minusculas>remover_acentos>remover_pontuacao>remover_numeros>stopwords,1,True,True,True,True,True,preservar_negacoes,nenhuma,regex
1,1135,0.655070,0.116151,228.4,tfidf,1,minusculas>remover_acentos>remover_pontuacao>remover_numeros>stopwords,1,True,True,True,True,True,preservar_negacoes,nenhuma,linguistico
1,1136,0.654757,0.170940,234.6,bow,1,remover_pontuacao>remover_numeros>stopwords,1,False,False,False,True,True,preservar_negacoes,nenhuma,split
1,1137,0.654757,0.170940,234.6,bow,1,remover_pontuacao>remover_numeros>stopwords,1,False,False,False,True,True,preservar_negacoes,nenhuma,regex
1,1138,0.654757,0.170940,234.6,bow,1,remover_pontuacao>remover_numeros>stopwords,1,False,False,False,True,True,preservar_negacoes,nenhuma,linguistico
1,1139,0.654757,0.170940,232.2,bow,1,remover_acentos>remover_pontuacao>remover_numeros>stopwords,1,False,False,True,True,True,preservar_negacoes,nenhuma,split
1,1140,0.654757,0.170940,232.2,bow,1,remover_acentos>remover_pontuacao>remover_numeros>stopwords,1,False,False,True,True,True,preservar_negacoes,nenhuma,regex
1,1141,0.654757,0.170940,232.2,bow,1,remover_acentos>remover_pontuacao>remover_numeros>stopwords,1,False,False,True,True,True,preservar_negacoes,nenhuma,linguistico
1,1142,0.654497,0.090056,202.6,bow,1,minusculas>remover_pontuacao>remover_numeros>stopwords>morfologia,1,False,True,False,True,True,remover_tudo,lematizacao,split
1,1143,0.654497,0.090056,202.6,bow,1,minusculas>remover_pontuacao>remover_numeros>stopwords>morfologia,1,False,True,False,True,True,remover_tudo,lematizacao,regex
1,1144,0.654497,0.090056,202.6,bow,1,minusculas>remover_pontuacao>remover_numeros>stopwords>morfologia,1,False,True,False,True,True,remover_tudo,lematizacao,linguistico
1,1145,0.653771,0.129312,559.0,bow,2,remover_acentos>remover_numeros>stopwords>morfologia,1,False,False,True,False,True,remover_tudo,stemming,split
1,1146,0.653771,0.129312,559.0,bow,2,minusculas>remover_acentos>remover_numeros>stopwords>morfologia,1,False,True,True,False,True,remover_tudo,stemming,split
1,1147,0.653536,0.147350,244.8,tfidf,1,stopwords,1,False,False,False,False,False,remover_tudo,nenhuma,regex
1,1148,0.653536,0.147350,244.8,tfidf,1,stopwords,1,False,False,False,False,False,remover_tudo,nenhuma,linguistico
1,1149,0.653159,0.108624,635.4,tfidf,2,minusculas>remover_numeros>stopwords,1,False,True,False,False,True,remover_tudo,nenhuma,regex
1,1150,0.653159,0.108624,631.4,tfidf,2,minusculas>remover_acentos>remover_numeros>stopwords,1,False,True,True,False,True,remover_tudo,nenhuma,regex
1,1151,0.653159,0.108624,632.2,tfidf,2,minusculas>remover_acentos>remover_numeros>stopwords,1,False,True,True,False,True,remover_tudo,nenhuma,linguistico
1,1152,0.652767,0.110556,517.0,bow,2,remover_pontuacao>remover_numeros>stopwords>morfologia,1,False,False,False,True,True,preservar_negacoes,stemming,split
1,1153,0.652767,0.110556,517.0,bow,2,remover_pontuacao>remover_numeros>stopwords>morfologia,1,False,False,False,True,True,preservar_negacoes,stemming,regex
1,1154,0.652767,0.110556,517.0,bow,2,remover_pontuacao>remover_numeros>stopwords>morfologia,1,False,False,False,True,True,preservar_negacoes,stemming,linguistico
1,1155,0.652767,0.110556,517.0,bow,2,minusculas>remover_pontuacao>remover_numeros>stopwords>morfologia,1,False,True,False,True,True,preservar_negacoes,stemming,split
1,1156,0.652767,0.110556,517.0,bow,2,minusculas>remover_pontuacao>remover_numeros>stopwords>morfologia,1,False,True,False,True,True,preservar_negacoes,stemming,regex
1,1157,0.652767,0.110556,517.0,bow,2,minusculas>remover_pontuacao>remover_numeros>stopwords>morfologia,1,False,True,False,True,True,preservar_negacoes,stemming,linguistico
1,1158,0.652701,0.088336,656.2,tfidf,2,stopwords>morfologia,1,False,False,False,False,False,preservar_negacoes,lematizacao,split
1,1159,0.652676,0.094890,517.0,tfidf,2,remover_pontuacao>remover_numeros>stopwords>morfologia,1,False,False,False,True,True,preservar_negacoes,stemming,split
1,1160,0.652676,0.094890,517.0,tfidf,2,remover_pontuacao>remover_numeros>stopwords>morfologia,1,False,False,False,True,True,preservar_negacoes,stemming,regex
1,1161,0.652676,0.094890,517.0,tfidf,2,remover_pontuacao>remover_numeros>stopwords>morfologia,1,False,False,False,True,True,preservar_negacoes,stemming,linguistico
1,1162,0.652676,0.094890,517.0,tfidf,2,minusculas>remover_pontuacao>remover_numeros>stopwords>morfologia,1,False,True,False,True,True,preservar_negacoes,stemming,split
1,1163,0.652676,0.094890,517.0,tfidf,2,minusculas>remover_pontuacao>remover_numeros>stopwords>morfologia,1,False,True,False,True,True,preservar_negacoes,stemming,regex
1,1164,0.652676,0.094890,517.0,tfidf,2,minusculas>remover_pontuacao>remover_numeros>stopwords>morfologia,1,False,True,False,True,True,preservar_negacoes,stemming,linguistico
1,1165,0.651864,0.115938,574.8,bow,2,stopwords>morfologia,1,False,False,False,False,False,remover_tudo,stemming,split
1,1166,0.651864,0.115938,574.8,bow,2,minusculas>stopwords>morfologia,1,False,True,False,False,False,remover_tudo,stemming,split
1,1167,0.651196,0.103502,181.6,bow,1,remover_pontuacao>remover_numeros>stopwords>morfologia,1,False,False,False,True,True,preservar_negacoes,stemming,split
1,1168,0.651196,0.103502,181.6,bow,1,remover_pontuacao>remover_numeros>stopwords>morfologia,1,False,False,False,True,True,preservar_negacoes,stemming,regex
1,1169,0.651196,0.103502,181.6,bow,1,remover_pontuacao>remover_numeros>stopwords>morfologia,1,False,False,False,True,True,preservar_negacoes,stemming,linguistico
1,1170,0.651196,0.103502,183.8,bow,1,remover_acentos>remover_pontuacao>remover_numeros>stopwords>morfologia,1,False,False,True,True,True,preservar_negacoes,stemming,split
1,1171,0.651196,0.103502,183.8,bow,1,remover_acentos>remover_pontuacao>remover_numeros>stopwords>morfologia,1,False,False,True,True,True,preservar_negacoes,stemming,regex
1,1172,0.651196,0.103502,183.8,bow,1,remover_acentos>remover_pontuacao>remover_numeros>stopwords>morfologia,1,False,False,True,True,True,preservar_negacoes,stemming,linguistico
1,1173,0.651196,0.103502,181.6,bow,1,minusculas>remover_pontuacao>remover_numeros>stopwords>morfologia,1,False,True,False,True,True,preservar_negacoes,stemming,split
1,1174,0.651196,0.103502,181.6,bow,1,minusculas>remover_pontuacao>remover_numeros>stopwords>morfologia,1,False,True,False,True,True,preservar_negacoes,stemming,regex
1,1175,0.651196,0.103502,181.6,bow,1,minusculas>remover_pontuacao>remover_numeros>stopwords>morfologia,1,False,True,False,True,True,preservar_negacoes,stemming,linguistico
1,1176,0.651196,0.103502,183.8,bow,1,minusculas>remover_acentos>remover_pontuacao>remover_numeros>stopwords>morfologia,1,True,True,True,True,True,preservar_negacoes,stemming,split
1,1177,0.651196,0.103502,183.8,bow,1,minusculas>remover_acentos>remover_pontuacao>remover_numeros>stopwords>morfologia,1,True,True,True,True,True,preservar_negacoes,stemming,regex
1,1178,0.651196,0.103502,183.8,bow,1,minusculas>remover_acentos>remover_pontuacao>remover_numeros>stopwords>morfologia,1,True,True,True,True,True,preservar_negacoes,stemming,linguistico
1,1179,0.650969,0.060305,532.4,tfidf,2,minusculas>remover_pontuacao>remover_numeros>stopwords>morfologia,1,False,True,False,True,True,remover_tudo,lematizacao,split
1,1180,0.650969,0.060305,532.4,tfidf,2,minusculas>remover_pontuacao>remover_numeros>stopwords>morfologia,1,False,True,False,True,True,remover_tudo,lematizacao,regex
1,1181,0.650969,0.060305,532.4,tfidf,2,minusculas>remover_pontuacao>remover_numeros>stopwords>morfologia,1,False,True,False,True,True,remover_tudo,lematizacao,linguistico
1,1182,0.650394,0.085321,215.0,bow,1,remover_pontuacao>remover_numeros>stopwords>morfologia,1,False,False,False,True,True,preservar_negacoes,lematizacao,split
1,1183,0.650394,0.085321,215.0,bow,1,remover_pontuacao>remover_numeros>stopwords>morfologia,1,False,False,False,True,True,preservar_negacoes,lematizacao,regex
1,1184,0.650394,0.085321,215.0,bow,1,remover_pontuacao>remover_numeros>stopwords>morfologia,1,False,False,False,True,True,preservar_negacoes,lematizacao,linguistico
1,1185,0.649689,0.094800,637.4,tfidf,2,minusculas>remover_acentos>stopwords>morfologia,1,False,True,True,False,False,remover_tudo,lematizacao,regex
1,1186,0.649689,0.094800,637.4,tfidf,2,minusculas>remover_acentos>stopwords>morfologia,1,False,True,True,False,False,remover_tudo,lematizacao,linguistico
1,1187,0.649449,0.157132,618.2,bow,2,remover_numeros>stopwords,1,False,False,False,False,True,preservar_negacoes,nenhuma,split
1,1188,0.649449,0.157132,614.2,bow,2,remover_acentos>remover_numeros>stopwords,1,False,False,True,False,True,preservar_negacoes,nenhuma,split
1,1189,0.649449,0.157132,614.0,bow,2,minusculas>remover_numeros>stopwords,1,False,True,False,False,True,preservar_negacoes,nenhuma,split
1,1190,0.649449,0.157132,610.0,bow,2,minusculas>remover_acentos>remover_numeros>stopwords,1,False,True,True,False,True,preservar_negacoes,nenhuma,split
1,1191,0.649444,0.094916,191.0,bow,1,remover_pontuacao>stopwords>morfologia,1,False,False,False,True,False,preservar_negacoes,stemming,split
1,1192,0.649444,0.094916,191.0,bow,1,remover_pontuacao>stopwords>morfologia,1,False,False,False,True,False,preservar_negacoes,stemming,regex
1,1193,0.649444,0.094916,191.0,bow,1,remover_pontuacao>stopwords>morfologia,1,False,False,False,True,False,preservar_negacoes,stemming,linguistico
1,1194,0.649444,0.094916,191.0,bow,1,minusculas>remover_pontuacao>stopwords>morfologia,1,False,True,False,True,False,preservar_negacoes,stemming,split
1,1195,0.649444,0.094916,191.0,bow,1,minusculas>remover_pontuacao>stopwords>morfologia,1,False,True,False,True,False,preservar_negacoes,stemming,regex
1,1196,0.649444,0.094916,191.0,bow,1,minusculas>remover_pontuacao>stopwords>morfologia,1,False,True,False,True,False,preservar_negacoes,stemming,linguistico
1,1197,0.649350,0.153433,237.8,bow,1,minusculas>remover_acentos>remover_pontuacao>stopwords,1,False,True,True,True,False,preservar_negacoes,nenhuma,split
1,1198,0.649350,0.153433,237.8,bow,1,minusculas>remover_acentos>remover_pontuacao>stopwords,1,False,True,True,True,False,preservar_negacoes,nenhuma,regex
1,1199,0.649350,0.153433,237.8,bow,1,minusculas>remover_acentos>remover_pontuacao>stopwords,1,False,True,True,True,False,preservar_negacoes,nenhuma,linguistico
1,1200,0.648565,0.094884,193.2,bow,1,remover_acentos>remover_pontuacao>stopwords>morfologia,1,False,False,True,True,False,preservar_negacoes,stemming,split
1,1201,0.648565,0.094884,193.2,bow,1,remover_acentos>remover_pontuacao>stopwords>morfologia,1,False,False,True,True,False,preservar_negacoes,stemming,regex
1,1202,0.648565,0.094884,193.2,bow,1,remover_acentos>remover_pontuacao>stopwords>morfologia,1,False,False,True,True,False,preservar_negacoes,stemming,linguistico
1,1203,0.648565,0.094884,193.2,bow,1,minusculas>remover_acentos>remover_pontuacao>stopwords>morfologia,1,False,True,True,True,False,preservar_negacoes,stemming,split
1,1204,0.648565,0.094884,193.2,bow,1,minusculas>remover_acentos>remover_pontuacao>stopwords>morfologia,1,False,True,True,True,False,preservar_negacoes,stemming,regex
1,1205,0.648565,0.094884,193.2,bow,1,minusculas>remover_acentos>remover_pontuacao>stopwords>morfologia,1,False,True,True,True,False,preservar_negacoes,stemming,linguistico
1,1206,0.648515,0.117690,234.6,tfidf,1,remover_pontuacao>remover_numeros>stopwords,1,False,False,False,True,True,preservar_negacoes,nenhuma,split
1,1207,0.648515,0.117690,234.6,tfidf,1,remover_pontuacao>remover_numeros>stopwords,1,False,False,False,True,True,preservar_negacoes,nenhuma,regex
1,1208,0.648515,0.117690,234.6,tfidf,1,remover_pontuacao>remover_numeros>stopwords,1,False,False,False,True,True,preservar_negacoes,nenhuma,linguistico
1,1209,0.648515,0.117690,232.2,tfidf,1,remover_acentos>remover_pontuacao>remover_numeros>stopwords,1,False,False,True,True,True,preservar_negacoes,nenhuma,split
1,1210,0.648515,0.117690,232.2,tfidf,1,remover_acentos>remover_pontuacao>remover_numeros>stopwords,1,False,False,True,True,True,preservar_negacoes,nenhuma,regex
1,1211,0.648515,0.117690,232.2,tfidf,1,remover_acentos>remover_pontuacao>remover_numeros>stopwords,1,False,False,True,True,True,preservar_negacoes,nenhuma,linguistico
1,1212,0.648350,0.087978,532.4,bow,2,minusculas>remover_pontuacao>remover_numeros>stopwords>morfologia,1,False,True,False,True,True,remover_tudo,lematizacao,split
1,1213,0.648350,0.087978,532.4,bow,2,minusculas>remover_pontuacao>remover_numeros>stopwords>morfologia,1,False,True,False,True,True,remover_tudo,lematizacao,regex
1,1214,0.648350,0.087978,532.4,bow,2,minusculas>remover_pontuacao>remover_numeros>stopwords>morfologia,1,False,True,False,True,True,remover_tudo,lematizacao,linguistico
1,1215,0.648232,0.080410,203.4,tfidf,1,minusculas>remover_acentos>remover_pontuacao>remover_numeros>stopwords>morfologia,1,True,True,True,True,True,remover_tudo,lematizacao,split
1,1216,0.648232,0.080410,203.4,tfidf,1,minusculas>remover_acentos>remover_pontuacao>remover_numeros>stopwords>morfologia,1,True,True,True,True,True,remover_tudo,lematizacao,regex
1,1217,0.648232,0.080410,203.4,tfidf,1,minusculas>remover_acentos>remover_pontuacao>remover_numeros>stopwords>morfologia,1,True,True,True,True,True,remover_tudo,lematizacao,linguistico
1,1218,0.647089,0.114774,570.0,tfidf,2,remover_numeros>stopwords>morfologia,1,False,False,False,False,True,preservar_negacoes,stemming,split
1,1219,0.647089,0.114774,570.0,tfidf,2,minusculas>remover_numeros>stopwords>morfologia,1,False,True,False,False,True,preservar_negacoes,stemming,split
1,1220,0.646884,0.092936,621.2,tfidf,2,remover_numeros>stopwords>morfologia,1,False,False,False,False,True,remover_tudo,lematizacao,regex
1,1221,0.646884,0.092936,621.2,tfidf,2,remover_numeros>stopwords>morfologia,1,False,False,False,False,True,remover_tudo,lematizacao,linguistico
1,1222,0.646323,0.114025,659.6,tfidf,2,minusculas>stopwords,1,False,True,False,False,False,remover_tudo,nenhuma,regex
1,1223,0.646323,0.114025,660.4,tfidf,2,minusculas>stopwords,1,False,True,False,False,False,remover_tudo,nenhuma,linguistico
1,1224,0.646323,0.114025,655.6,tfidf,2,minusculas>remover_acentos>stopwords,1,False,True,True,False,False,remover_tudo,nenhuma,regex
1,1225,0.646323,0.114025,656.4,tfidf,2,minusculas>remover_acentos>stopwords,1,False,True,True,False,False,remover_tudo,nenhuma,linguistico
1,1226,0.646253,0.114336,568.0,tfidf,2,minusculas>remover_acentos>remover_pontuacao>stopwords>morfologia,1,False,True,True,True,False,preservar_negacoes,lematizacao,split
1,1227,0.646253,0.114336,568.0,tfidf,2,minusculas>remover_acentos>remover_pontuacao>stopwords>morfologia,1,False,True,True,True,False,preservar_negacoes,lematizacao,regex
1,1228,0.646253,0.114336,568.0,tfidf,2,minusculas>remover_acentos>remover_pontuacao>stopwords>morfologia,1,False,True,True,True,False,preservar_negacoes,lematizacao,linguistico
1,1229,0.646228,0.104750,641.2,tfidf,2,remover_numeros>stopwords,1,False,False,False,False,True,remover_tudo,nenhuma,linguistico
1,1230,0.646012,0.132322,235.4,tfidf,1,remover_numeros>stopwords,1,False,False,False,False,True,remover_tudo,nenhuma,regex
1,1231,0.646012,0.132322,235.4,tfidf,1,remover_numeros>stopwords,1,False,False,False,False,True,remover_tudo,nenhuma,linguistico
1,1232,0.646012,0.132322,233.0,tfidf,1,remover_acentos>remover_numeros>stopwords,1,False,False,True,False,True,remover_tudo,nenhuma,regex
1,1233,0.646012,0.132322,233.0,tfidf,1,remover_acentos>remover_numeros>stopwords,1,False,False,True,False,True,remover_tudo,nenhuma,linguistico
1,1234,0.645760,0.134895,261.8,bow,1,minusculas>remover_numeros>stopwords,1,False,True,False,False,True,remover_tudo,nenhuma,split
1,1235,0.644972,0.119953,259.4,bow,1,minusculas>remover_acentos>remover_numeros>stopwords,1,False,True,True,False,True,remover_tudo,nenhuma,split
1,1236,0.644590,0.089595,575.8,tfidf,2,remover_acentos>stopwords>morfologia,1,False,False,True,False,False,remover_tudo,stemming,split
1,1237,0.644590,0.089595,575.8,tfidf,2,minusculas>remover_acentos>stopwords>morfologia,1,False,True,True,False,False,remover_tudo,stemming,split
1,1238,0.644186,0.113147,623.6,tfidf,2,remover_acentos>remover_numeros>stopwords>morfologia,1,False,False,True,False,True,remover_tudo,lematizacao,split
1,1239,0.644186,0.113147,623.0,tfidf,2,remover_acentos>remover_numeros>stopwords>morfologia,1,False,False,True,False,True,remover_tudo,lematizacao,regex
1,1240,0.644186,0.113147,623.0,tfidf,2,remover_acentos>remover_numeros>stopwords>morfologia,1,False,False,True,False,True,remover_tudo,lematizacao,linguistico
1,1241,0.643845,0.104452,636.2,tfidf,2,minusculas>remover_numeros>stopwords,1,False,True,False,False,True,remover_tudo,nenhuma,linguistico
1,1242,0.643595,0.073186,224.4,tfidf,1,remover_pontuacao>stopwords>morfologia,1,False,False,False,True,False,preservar_negacoes,lematizacao,split
1,1243,0.643595,0.073186,224.4,tfidf,1,remover_pontuacao>stopwords>morfologia,1,False,False,False,True,False,preservar_negacoes,lematizacao,regex
1,1244,0.643595,0.073186,224.4,tfidf,1,remover_pontuacao>stopwords>morfologia,1,False,False,False,True,False,preservar_negacoes,lematizacao,linguistico
1,1245,0.643471,0.078435,656.2,tfidf,2,stopwords>morfologia,1,False,False,False,False,False,preservar_negacoes,lematizacao,regex
1,1246,0.643471,0.078435,656.2,tfidf,2,stopwords>morfologia,1,False,False,False,False,False,preservar_negacoes,lematizacao,linguistico
1,1247,0.643168,0.092840,647.8,tfidf,2,remover_acentos>stopwords>morfologia,1,False,False,True,False,False,remover_tudo,lematizacao,split
1,1248,0.643168,0.092840,647.2,tfidf,2,remover_acentos>stopwords>morfologia,1,False,False,True,False,False,remover_tudo,lematizacao,regex
1,1249,0.643168,0.092840,647.2,tfidf,2,remover_acentos>stopwords>morfologia,1,False,False,True,False,False,remover_tudo,lematizacao,linguistico
1,1250,0.642991,0.139236,213.4,bow,1,minusculas>remover_acentos>remover_pontuacao>stopwords>morfologia,1,False,True,True,True,False,remover_tudo,lematizacao,split
1,1251,0.642991,0.139236,213.4,bow,1,minusculas>remover_acentos>remover_pontuacao>stopwords>morfologia,1,False,True,True,True,False,remover_tudo,lematizacao,regex
1,1252,0.642991,0.139236,213.4,bow,1,minusculas>remover_acentos>remover_pontuacao>stopwords>morfologia,1,False,True,True,True,False,remover_tudo,lematizacao,linguistico
1,1253,0.642488,0.148416,568.0,bow,2,minusculas>remover_acentos>remover_pontuacao>stopwords>morfologia,1,False,True,True,True,False,preservar_negacoes,lematizacao,split
1,1254,0.642488,0.148416,568.0,bow,2,minusculas>remover_acentos>remover_pontuacao>stopwords>morfologia,1,False,True,True,True,False,preservar_negacoes,lematizacao,regex
1,1255,0.642488,0.148416,568.0,bow,2,minusculas>remover_acentos>remover_pontuacao>stopwords>morfologia,1,False,True,True,True,False,preservar_negacoes,lematizacao,linguistico
1,1256,0.642287,0.144191,261.8,tfidf,1,minusculas>remover_numeros>stopwords,1,False,True,False,False,True,remover_tudo,nenhuma,split
1,1257,0.642240,0.070935,202.6,tfidf,1,minusculas>remover_pontuacao>remover_numeros>stopwords>morfologia,1,False,True,False,True,True,remover_tudo,lematizacao,split
1,1258,0.642240,0.070935,202.6,tfidf,1,minusculas>remover_pontuacao>remover_numeros>stopwords>morfologia,1,False,True,False,True,True,remover_tudo,lematizacao,regex
1,1259,0.642240,0.070935,202.6,tfidf,1,minusculas>remover_pontuacao>remover_numeros>stopwords>morfologia,1,False,True,False,True,True,remover_tudo,lematizacao,linguistico
1,1260,0.641883,0.112833,533.0,bow,2,minusculas>remover_acentos>remover_pontuacao>remover_numeros>stopwords>morfologia,1,True,True,True,True,True,remover_tudo,lematizacao,split
1,1261,0.641883,0.112833,533.0,bow,2,minusculas>remover_acentos>remover_pontuacao>remover_numeros>stopwords>morfologia,1,True,True,True,True,True,remover_tudo,lematizacao,regex
1,1262,0.641883,0.112833,533.0,bow,2,minusculas>remover_acentos>remover_pontuacao>remover_numeros>stopwords>morfologia,1,True,True,True,True,True,remover_tudo,lematizacao,linguistico
1,1263,0.641468,0.148803,570.4,tfidf,2,remover_acentos>remover_numeros>stopwords>morfologia,1,False,False,True,False,True,preservar_negacoes,stemming,split
1,1264,0.641468,0.148803,570.4,tfidf,2,minusculas>remover_acentos>remover_numeros>stopwords>morfologia,1,False,True,True,False,True,preservar_negacoes,stemming,split
1,1265,0.641336,0.131931,259.4,tfidf,1,minusculas>remover_acentos>remover_numeros>stopwords,1,False,True,True,False,True,remover_tudo,nenhuma,split
1,1266,0.640712,0.144591,240.2,bow,1,minusculas>remover_pontuacao>stopwords,1,False,True,False,True,False,preservar_negacoes,nenhuma,split
1,1267,0.640712,0.144591,240.2,bow,1,minusculas>remover_pontuacao>stopwords,1,False,True,False,True,False,preservar_negacoes,nenhuma,regex
1,1268,0.640712,0.144591,240.2,bow,1,minusculas>remover_pontuacao>stopwords,1,False,True,False,True,False,preservar_negacoes,nenhuma,linguistico
1,1269,0.639182,0.107758,664.6,tfidf,2,stopwords,1,False,False,False,False,False,remover_tudo,nenhuma,regex
1,1270,0.639182,0.107758,665.4,tfidf,2,stopwords,1,False,False,False,False,False,remover_tudo,nenhuma,linguistico
1,1271,0.639182,0.107758,660.6,tfidf,2,remover_acentos>stopwords,1,False,False,True,False,False,remover_tudo,nenhuma,regex
1,1272,0.639182,0.107758,661.4,tfidf,2,remover_acentos>stopwords,1,False,False,True,False,False,remover_tudo,nenhuma,linguistico
1,1273,0.639042,0.097121,181.6,tfidf,1,remover_pontuacao>remover_numeros>stopwords>morfologia,1,False,False,False,True,True,preservar_negacoes,stemming,split
1,1274,0.639042,0.097121,181.6,tfidf,1,remover_pontuacao>remover_numeros>stopwords>morfologia,1,False,False,False,True,True,preservar_negacoes,stemming,regex
1,1275,0.639042,0.097121,181.6,tfidf,1,remover_pontuacao>remover_numeros>stopwords>morfologia,1,False,False,False,True,True,preservar_negacoes,stemming,linguistico
1,1276,0.639042,0.097121,181.6,tfidf,1,minusculas>remover_pontuacao>remover_numeros>stopwords>morfologia,1,False,True,False,True,True,preservar_negacoes,stemming,split
1,1277,0.639042,0.097121,181.6,tfidf,1,minusculas>remover_pontuacao>remover_numeros>stopwords>morfologia,1,False,True,False,True,True,preservar_negacoes,stemming,regex
1,1278,0.639042,0.097121,181.6,tfidf,1,minusculas>remover_pontuacao>remover_numeros>stopwords>morfologia,1,False,True,False,True,True,preservar_negacoes,stemming,linguistico
1,1279,0.638812,0.075113,645.4,tfidf,2,stopwords>morfologia,1,False,False,False,False,False,remover_tudo,lematizacao,split
1,1280,0.637502,0.076623,533.0,tfidf,2,minusculas>remover_acentos>remover_pontuacao>remover_numeros>stopwords>morfologia,1,True,True,True,True,True,remover_tudo,lematizacao,split
1,1281,0.637502,0.076623,533.0,tfidf,2,minusculas>remover_acentos>remover_pontuacao>remover_numeros>stopwords>morfologia,1,True,True,True,True,True,remover_tudo,lematizacao,regex
1,1282,0.637502,0.076623,533.0,tfidf,2,minusculas>remover_acentos>remover_pontuacao>remover_numeros>stopwords>morfologia,1,True,True,True,True,True,remover_tudo,lematizacao,linguistico
1,1283,0.635936,0.104194,574.8,tfidf,2,stopwords>morfologia,1,False,False,False,False,False,remover_tudo,stemming,split
1,1284,0.635936,0.104194,574.8,tfidf,2,minusculas>stopwords>morfologia,1,False,True,False,False,False,remover_tudo,stemming,split
1,1285,0.634381,0.096952,555.4,bow,2,remover_pontuacao>remover_numeros>stopwords>morfologia,1,False,False,False,True,True,preservar_negacoes,lematizacao,split
1,1286,0.634381,0.096952,555.4,bow,2,remover_pontuacao>remover_numeros>stopwords>morfologia,1,False,False,False,True,True,preservar_negacoes,lematizacao,regex
1,1287,0.634381,0.096952,555.4,bow,2,remover_pontuacao>remover_numeros>stopwords>morfologia,1,False,False,False,True,True,preservar_negacoes,lematizacao,linguistico
1,1288,0.634245,0.150900,264.8,bow,1,remover_numeros>stopwords,1,False,False,False,False,True,remover_tudo,nenhuma,split
1,1289,0.633962,0.099847,213.4,bow,1,minusculas>remover_pontuacao>stopwords>morfologia,1,False,True,False,True,False,remover_tudo,lematizacao,split
1,1290,0.633962,0.099847,213.4,bow,1,minusculas>remover_pontuacao>stopwords>morfologia,1,False,True,False,True,False,remover_tudo,lematizacao,regex
1,1291,0.633962,0.099847,213.4,bow,1,minusculas>remover_pontuacao>stopwords>morfologia,1,False,True,False,True,False,remover_tudo,lematizacao,linguistico
1,1292,0.633033,0.103132,555.4,tfidf,2,remover_pontuacao>remover_numeros>stopwords>morfologia,1,False,False,False,True,True,preservar_negacoes,lematizacao,split
1,1293,0.633033,0.103132,555.4,tfidf,2,remover_pontuacao>remover_numeros>stopwords>morfologia,1,False,False,False,True,True,preservar_negacoes,lematizacao,regex
1,1294,0.633033,0.103132,555.4,tfidf,2,remover_pontuacao>remover_numeros>stopwords>morfologia,1,False,False,False,True,True,preservar_negacoes,lematizacao,linguistico
1,1295,0.632957,0.140606,262.4,bow,1,remover_acentos>remover_numeros>stopwords,1,False,False,True,False,True,remover_tudo,nenhuma,split
1,1296,0.632591,0.160851,264.8,tfidf,1,remover_numeros>stopwords,1,False,False,False,False,True,remover_tudo,nenhuma,split
1,1297,0.632351,0.117624,213.4,tfidf,1,minusculas>remover_acentos>remover_pontuacao>stopwords>morfologia,1,False,True,True,True,False,remover_tudo,lematizacao,split
1,1298,0.632351,0.117624,213.4,tfidf,1,minusculas>remover_acentos>remover_pontuacao>stopwords>morfologia,1,False,True,True,True,False,remover_tudo,lematizacao,regex
1,1299,0.632351,0.117624,213.4,tfidf,1,minusculas>remover_acentos>remover_pontuacao>stopwords>morfologia,1,False,True,True,True,False,remover_tudo,lematizacao,linguistico
1,1300,0.632010,0.107995,506.8,bow,2,remover_acentos>remover_pontuacao>remover_numeros>stopwords>morfologia,1,False,False,True,True,True,remover_tudo,stemming,split
1,1301,0.632010,0.107995,506.8,bow,2,remover_acentos>remover_pontuacao>remover_numeros>stopwords>morfologia,1,False,False,True,True,True,remover_tudo,stemming,regex
1,1302,0.632010,0.107995,506.8,bow,2,remover_acentos>remover_pontuacao>remover_numeros>stopwords>morfologia,1,False,False,True,True,True,remover_tudo,stemming,linguistico
1,1303,0.632010,0.107995,506.8,bow,2,minusculas>remover_acentos>remover_pontuacao>remover_numeros>stopwords>morfologia,1,True,True,True,True,True,remover_tudo,stemming,split
1,1304,0.632010,0.107995,506.8,bow,2,minusculas>remover_acentos>remover_pontuacao>remover_numeros>stopwords>morfologia,1,True,True,True,True,True,remover_tudo,stemming,regex
1,1305,0.632010,0.107995,506.8,bow,2,minusculas>remover_acentos>remover_pontuacao>remover_numeros>stopwords>morfologia,1,True,True,True,True,True,remover_tudo,stemming,linguistico
1,1306,0.631893,0.170089,618.2,tfidf,2,remover_numeros>stopwords,1,False,False,False,False,True,preservar_negacoes,nenhuma,split
1,1307,0.631893,0.170089,614.2,tfidf,2,remover_acentos>remover_numeros>stopwords,1,False,False,True,False,True,preservar_negacoes,nenhuma,split
1,1308,0.631893,0.170089,614.0,tfidf,2,minusculas>remover_numeros>stopwords,1,False,True,False,False,True,preservar_negacoes,nenhuma,split
1,1309,0.631893,0.170089,610.0,tfidf,2,minusculas>remover_acentos>remover_numeros>stopwords,1,False,True,True,False,True,preservar_negacoes,nenhuma,split
1,1310,0.631825,0.080643,216.8,bow,1,remover_acentos>remover_pontuacao>remover_numeros>stopwords>morfologia,1,False,False,True,True,True,preservar_negacoes,lematizacao,split
1,1311,0.631825,0.080643,216.8,bow,1,remover_acentos>remover_pontuacao>remover_numeros>stopwords>morfologia,1,False,False,True,True,True,preservar_negacoes,lematizacao,regex
1,1312,0.631825,0.080643,216.8,bow,1,remover_acentos>remover_pontuacao>remover_numeros>stopwords>morfologia,1,False,False,True,True,True,preservar_negacoes,lematizacao,linguistico
1,1313,0.631677,0.104289,179.6,bow,1,remover_pontuacao>remover_numeros>stopwords>morfologia,1,False,False,False,True,True,remover_tudo,stemming,split
1,1314,0.631677,0.104289,179.6,bow,1,remover_pontuacao>remover_numeros>stopwords>morfologia,1,False,False,False,True,True,remover_tudo,stemming,regex
1,1315,0.631677,0.104289,179.6,bow,1,remover_pontuacao>remover_numeros>stopwords>morfologia,1,False,False,False,True,True,remover_tudo,stemming,linguistico
1,1316,0.631677,0.104289,179.6,bow,1,minusculas>remover_pontuacao>remover_numeros>stopwords>morfologia,1,False,True,False,True,True,remover_tudo,stemming,split
1,1317,0.631677,0.104289,179.6,bow,1,minusculas>remover_pontuacao>remover_numeros>stopwords>morfologia,1,False,True,False,True,True,remover_tudo,stemming,regex
1,1318,0.631677,0.104289,179.6,bow,1,minusculas>remover_pontuacao>remover_numeros>stopwords>morfologia,1,False,True,False,True,True,remover_tudo,stemming,linguistico
1,1319,0.631366,0.116344,240.2,tfidf,1,minusculas>remover_pontuacao>stopwords,1,False,True,False,True,False,preservar_negacoes,nenhuma,split
1,1320,0.631366,0.116344,240.2,tfidf,1,minusculas>remover_pontuacao>stopwords,1,False,True,False,True,False,preservar_negacoes,nenhuma,regex
1,1321,0.631366,0.116344,240.2,tfidf,1,minusculas>remover_pontuacao>stopwords,1,False,True,False,True,False,preservar_negacoes,nenhuma,linguistico
1,1322,0.631366,0.116344,237.8,tfidf,1,minusculas>remover_acentos>remover_pontuacao>stopwords,1,False,True,True,True,False,preservar_negacoes,nenhuma,split
1,1323,0.631366,0.116344,237.8,tfidf,1,minusculas>remover_acentos>remover_pontuacao>stopwords,1,False,True,True,True,False,preservar_negacoes,nenhuma,regex
1,1324,0.631366,0.116344,237.8,tfidf,1,minusculas>remover_acentos>remover_pontuacao>stopwords,1,False,True,True,True,False,preservar_negacoes,nenhuma,linguistico
1,1325,0.631099,0.120604,538.4,bow,2,remover_acentos>remover_pontuacao>stopwords>morfologia,1,False,False,True,True,False,preservar_negacoes,stemming,split
1,1326,0.631099,0.120604,538.4,bow,2,remover_acentos>remover_pontuacao>stopwords>morfologia,1,False,False,True,True,False,preservar_negacoes,stemming,regex
1,1327,0.631099,0.120604,538.4,bow,2,remover_acentos>remover_pontuacao>stopwords>morfologia,1,False,False,True,True,False,preservar_negacoes,stemming,linguistico
1,1328,0.631099,0.120604,538.4,bow,2,minusculas>remover_acentos>remover_pontuacao>stopwords>morfologia,1,False,True,True,True,False,preservar_negacoes,stemming,split
1,1329,0.631099,0.120604,538.4,bow,2,minusculas>remover_acentos>remover_pontuacao>stopwords>morfologia,1,False,True,True,True,False,preservar_negacoes,stemming,regex
1,1330,0.631099,0.120604,538.4,bow,2,minusculas>remover_acentos>remover_pontuacao>stopwords>morfologia,1,False,True,True,True,False,preservar_negacoes,stemming,linguistico
1,1331,0.631084,0.103311,183.8,tfidf,1,remover_acentos>remover_pontuacao>remover_numeros>stopwords>morfologia,1,False,False,True,True,True,preservar_negacoes,stemming,split
1,1332,0.631084,0.103311,183.8,tfidf,1,remover_acentos>remover_pontuacao>remover_numeros>stopwords>morfologia,1,False,False,True,True,True,preservar_negacoes,stemming,regex
1,1333,0.631084,0.103311,183.8,tfidf,1,remover_acentos>remover_pontuacao>remover_numeros>stopwords>morfologia,1,False,False,True,True,True,preservar_negacoes,stemming,linguistico
1,1334,0.631084,0.103311,183.8,tfidf,1,minusculas>remover_acentos>remover_pontuacao>remover_numeros>stopwords>morfologia,1,True,True,True,True,True,preservar_negacoes,stemming,split
1,1335,0.631084,0.103311,183.8,tfidf,1,minusculas>remover_acentos>remover_pontuacao>remover_numeros>stopwords>morfologia,1,True,True,True,True,True,preservar_negacoes,stemming,regex
1,1336,0.631084,0.103311,183.8,tfidf,1,minusculas>remover_acentos>remover_pontuacao>remover_numeros>stopwords>morfologia,1,True,True,True,True,True,preservar_negacoes,stemming,linguistico
1,1337,0.630291,0.162978,241.6,bow,1,remover_acentos>remover_pontuacao>stopwords,1,False,False,True,True,False,preservar_negacoes,nenhuma,split
1,1338,0.630291,0.162978,241.6,bow,1,remover_acentos>remover_pontuacao>stopwords,1,False,False,True,True,False,preservar_negacoes,nenhuma,regex
1,1339,0.630291,0.162978,241.6,bow,1,remover_acentos>remover_pontuacao>stopwords,1,False,False,True,True,False,preservar_negacoes,nenhuma,linguistico
1,1340,0.629582,0.060582,645.4,tfidf,2,stopwords>morfologia,1,False,False,False,False,False,remover_tudo,lematizacao,regex
1,1341,0.629582,0.060582,645.4,tfidf,2,stopwords>morfologia,1,False,False,False,False,False,remover_tudo,lematizacao,linguistico
1,1342,0.627016,0.159770,572.4,bow,2,remover_acentos>remover_pontuacao>remover_numeros>stopwords,1,False,False,True,True,True,preservar_negacoes,nenhuma,split
1,1343,0.627016,0.159770,572.4,bow,2,remover_acentos>remover_pontuacao>remover_numeros>stopwords,1,False,False,True,True,True,preservar_negacoes,nenhuma,regex
1,1344,0.627016,0.159770,572.4,bow,2,remover_acentos>remover_pontuacao>remover_numeros>stopwords,1,False,False,True,True,True,preservar_negacoes,nenhuma,linguistico
1,1345,0.626858,0.069935,216.8,tfidf,1,remover_acentos>remover_pontuacao>remover_numeros>stopwords>morfologia,1,False,False,True,True,True,preservar_negacoes,lematizacao,split
1,1346,0.626858,0.069935,216.8,tfidf,1,remover_acentos>remover_pontuacao>remover_numeros>stopwords>morfologia,1,False,False,True,True,True,preservar_negacoes,lematizacao,regex
1,1347,0.626858,0.069935,216.8,tfidf,1,remover_acentos>remover_pontuacao>remover_numeros>stopwords>morfologia,1,False,False,True,True,True,preservar_negacoes,lematizacao,linguistico
1,1348,0.626313,0.123493,505.0,bow,2,remover_pontuacao>remover_numeros>stopwords>morfologia,1,False,False,False,True,True,remover_tudo,stemming,split
1,1349,0.626313,0.123493,505.0,bow,2,remover_pontuacao>remover_numeros>stopwords>morfologia,1,False,False,False,True,True,remover_tudo,stemming,regex
1,1350,0.626313,0.123493,505.0,bow,2,remover_pontuacao>remover_numeros>stopwords>morfologia,1,False,False,False,True,True,remover_tudo,stemming,linguistico
1,1351,0.626313,0.123493,505.0,bow,2,minusculas>remover_pontuacao>remover_numeros>stopwords>morfologia,1,False,True,False,True,True,remover_tudo,stemming,split
1,1352,0.626313,0.123493,505.0,bow,2,minusculas>remover_pontuacao>remover_numeros>stopwords>morfologia,1,False,True,False,True,True,remover_tudo,stemming,regex
1,1353,0.626313,0.123493,505.0,bow,2,minusculas>remover_pontuacao>remover_numeros>stopwords>morfologia,1,False,True,False,True,True,remover_tudo,stemming,linguistico
1,1354,0.626075,0.160037,567.4,bow,2,minusculas>remover_acentos>remover_pontuacao>remover_numeros>stopwords,1,True,True,True,True,True,preservar_negacoes,nenhuma,split
1,1355,0.626075,0.160037,567.4,bow,2,minusculas>remover_acentos>remover_pontuacao>remover_numeros>stopwords,1,True,True,True,True,True,preservar_negacoes,nenhuma,regex
1,1356,0.626075,0.160037,567.4,bow,2,minusculas>remover_acentos>remover_pontuacao>remover_numeros>stopwords,1,True,True,True,True,True,preservar_negacoes,nenhuma,linguistico
1,1357,0.626013,0.130761,566.2,bow,2,minusculas>remover_pontuacao>stopwords>morfologia,1,False,True,False,True,False,preservar_negacoes,lematizacao,split
1,1358,0.626013,0.130761,566.2,bow,2,minusculas>remover_pontuacao>stopwords>morfologia,1,False,True,False,True,False,preservar_negacoes,lematizacao,regex
1,1359,0.626013,0.130761,566.2,bow,2,minusculas>remover_pontuacao>stopwords>morfologia,1,False,True,False,True,False,preservar_negacoes,lematizacao,linguistico
1,1360,0.624509,0.101086,572.4,tfidf,2,remover_acentos>remover_pontuacao>remover_numeros>stopwords,1,False,False,True,True,True,preservar_negacoes,nenhuma,split
1,1361,0.624509,0.101086,572.4,tfidf,2,remover_acentos>remover_pontuacao>remover_numeros>stopwords,1,False,False,True,True,True,preservar_negacoes,nenhuma,regex
1,1362,0.624509,0.101086,572.4,tfidf,2,remover_acentos>remover_pontuacao>remover_numeros>stopwords,1,False,False,True,True,True,preservar_negacoes,nenhuma,linguistico
1,1363,0.624093,0.088877,224.4,bow,1,remover_pontuacao>stopwords>morfologia,1,False,False,False,True,False,preservar_negacoes,lematizacao,split
1,1364,0.624093,0.088877,224.4,bow,1,remover_pontuacao>stopwords>morfologia,1,False,False,False,True,False,preservar_negacoes,lematizacao,regex
1,1365,0.624093,0.088877,224.4,bow,1,remover_pontuacao>stopwords>morfologia,1,False,False,False,True,False,preservar_negacoes,lematizacao,linguistico
1,1366,0.624064,0.136192,623.6,tfidf,2,stopwords,1,False,False,False,False,False,remover_tudo,nenhuma,split
1,1367,0.622984,0.101351,567.4,tfidf,2,minusculas>remover_acentos>remover_pontuacao>remover_numeros>stopwords,1,True,True,True,True,True,preservar_negacoes,nenhuma,split
1,1368,0.622984,0.101351,567.4,tfidf,2,minusculas>remover_acentos>remover_pontuacao>remover_numeros>stopwords,1,True,True,True,True,True,preservar_negacoes,nenhuma,regex
1,1369,0.622984,0.101351,567.4,tfidf,2,minusculas>remover_acentos>remover_pontuacao>remover_numeros>stopwords,1,True,True,True,True,True,preservar_negacoes,nenhuma,linguistico
1,1370,0.622353,0.152479,262.4,tfidf,1,remover_acentos>remover_numeros>stopwords,1,False,False,True,False,True,remover_tudo,nenhuma,split
1,1371,0.622154,0.119749,538.4,tfidf,2,remover_acentos>remover_pontuacao>stopwords>morfologia,1,False,False,True,True,False,preservar_negacoes,stemming,split
1,1372,0.622154,0.119749,538.4,tfidf,2,remover_acentos>remover_pontuacao>stopwords>morfologia,1,False,False,True,True,False,preservar_negacoes,stemming,regex
1,1373,0.622154,0.119749,538.4,tfidf,2,remover_acentos>remover_pontuacao>stopwords>morfologia,1,False,False,True,True,False,preservar_negacoes,stemming,linguistico
1,1374,0.622154,0.119749,538.4,tfidf,2,minusculas>remover_acentos>remover_pontuacao>stopwords>morfologia,1,False,True,True,True,False,preservar_negacoes,stemming,split
1,1375,0.622154,0.119749,538.4,tfidf,2,minusculas>remover_acentos>remover_pontuacao>stopwords>morfologia,1,False,True,True,True,False,preservar_negacoes,stemming,regex
1,1376,0.622154,0.119749,538.4,tfidf,2,minusculas>remover_acentos>remover_pontuacao>stopwords>morfologia,1,False,True,True,True,False,preservar_negacoes,stemming,linguistico
1,1377,0.621713,0.100034,181.8,bow,1,remover_acentos>remover_pontuacao>remover_numeros>stopwords>morfologia,1,False,False,True,True,True,remover_tudo,stemming,split
1,1378,0.621713,0.100034,181.8,bow,1,remover_acentos>remover_pontuacao>remover_numeros>stopwords>morfologia,1,False,False,True,True,True,remover_tudo,stemming,regex
1,1379,0.621713,0.100034,181.8,bow,1,remover_acentos>remover_pontuacao>remover_numeros>stopwords>morfologia,1,False,False,True,True,True,remover_tudo,stemming,linguistico
1,1380,0.621713,0.100034,181.8,bow,1,minusculas>remover_acentos>remover_pontuacao>remover_numeros>stopwords>morfologia,1,True,True,True,True,True,remover_tudo,stemming,split
1,1381,0.621713,0.100034,181.8,bow,1,minusculas>remover_acentos>remover_pontuacao>remover_numeros>stopwords>morfologia,1,True,True,True,True,True,remover_tudo,stemming,regex
1,1382,0.621713,0.100034,181.8,bow,1,minusculas>remover_acentos>remover_pontuacao>remover_numeros>stopwords>morfologia,1,True,True,True,True,True,remover_tudo,stemming,linguistico
1,1383,0.621653,0.153347,244.0,bow,1,remover_pontuacao>stopwords,1,False,False,False,True,False,preservar_negacoes,nenhuma,split
1,1384,0.621653,0.153347,244.0,bow,1,remover_pontuacao>stopwords,1,False,False,False,True,False,preservar_negacoes,nenhuma,regex
1,1385,0.621653,0.153347,244.0,bow,1,remover_pontuacao>stopwords,1,False,False,False,True,False,preservar_negacoes,nenhuma,linguistico
1,1386,0.618333,0.117498,566.2,tfidf,2,minusculas>remover_pontuacao>stopwords>morfologia,1,False,True,False,True,False,preservar_negacoes,lematizacao,split
1,1387,0.618333,0.117498,566.2,tfidf,2,minusculas>remover_pontuacao>stopwords>morfologia,1,False,True,False,True,False,preservar_negacoes,lematizacao,regex
1,1388,0.618333,0.117498,566.2,tfidf,2,minusculas>remover_pontuacao>stopwords>morfologia,1,False,True,False,True,False,preservar_negacoes,lematizacao,linguistico
1,1389,0.617788,0.108747,213.4,tfidf,1,minusculas>remover_pontuacao>stopwords>morfologia,1,False,True,False,True,False,remover_tudo,lematizacao,split
1,1390,0.617788,0.108747,213.4,tfidf,1,minusculas>remover_pontuacao>stopwords>morfologia,1,False,True,False,True,False,remover_tudo,lematizacao,regex
1,1391,0.617788,0.108747,213.4,tfidf,1,minusculas>remover_pontuacao>stopwords>morfologia,1,False,True,False,True,False,remover_tudo,lematizacao,linguistico
1,1392,0.616980,0.112723,191.0,tfidf,1,remover_pontuacao>stopwords>morfologia,1,False,False,False,True,False,preservar_negacoes,stemming,split
1,1393,0.616980,0.112723,191.0,tfidf,1,remover_pontuacao>stopwords>morfologia,1,False,False,False,True,False,preservar_negacoes,stemming,regex
1,1394,0.616980,0.112723,191.0,tfidf,1,remover_pontuacao>stopwords>morfologia,1,False,False,False,True,False,preservar_negacoes,stemming,linguistico
1,1395,0.616980,0.112723,191.0,tfidf,1,minusculas>remover_pontuacao>stopwords>morfologia,1,False,True,False,True,False,preservar_negacoes,stemming,split
1,1396,0.616980,0.112723,191.0,tfidf,1,minusculas>remover_pontuacao>stopwords>morfologia,1,False,True,False,True,False,preservar_negacoes,stemming,regex
1,1397,0.616980,0.112723,191.0,tfidf,1,minusculas>remover_pontuacao>stopwords>morfologia,1,False,True,False,True,False,preservar_negacoes,stemming,linguistico
1,1398,0.616722,0.103619,576.4,tfidf,2,remover_pontuacao>remover_numeros>stopwords,1,False,False,False,True,True,preservar_negacoes,nenhuma,split
1,1399,0.616722,0.103619,576.4,tfidf,2,remover_pontuacao>remover_numeros>stopwords,1,False,False,False,True,True,preservar_negacoes,nenhuma,regex
1,1400,0.616722,0.103619,576.4,tfidf,2,remover_pontuacao>remover_numeros>stopwords,1,False,False,False,True,True,preservar_negacoes,nenhuma,linguistico
1,1401,0.616279,0.118883,537.2,bow,2,remover_pontuacao>stopwords>morfologia,1,False,False,False,True,False,preservar_negacoes,stemming,split
1,1402,0.616279,0.118883,537.2,bow,2,remover_pontuacao>stopwords>morfologia,1,False,False,False,True,False,preservar_negacoes,stemming,regex
1,1403,0.616279,0.118883,537.2,bow,2,remover_pontuacao>stopwords>morfologia,1,False,False,False,True,False,preservar_negacoes,stemming,linguistico
1,1404,0.616279,0.118883,537.2,bow,2,minusculas>remover_pontuacao>stopwords>morfologia,1,False,True,False,True,False,preservar_negacoes,stemming,split
1,1405,0.616279,0.118883,537.2,bow,2,minusculas>remover_pontuacao>stopwords>morfologia,1,False,True,False,True,False,preservar_negacoes,stemming,regex
1,1406,0.616279,0.118883,537.2,bow,2,minusculas>remover_pontuacao>stopwords>morfologia,1,False,True,False,True,False,preservar_negacoes,stemming,linguistico
1,1407,0.615721,0.145086,619.6,tfidf,2,remover_acentos>stopwords,1,False,False,True,False,False,remover_tudo,nenhuma,split
1,1408,0.615651,0.127143,558.0,tfidf,2,remover_numeros>stopwords>morfologia,1,False,False,False,False,True,remover_tudo,stemming,split
1,1409,0.615651,0.127143,558.0,tfidf,2,minusculas>remover_numeros>stopwords>morfologia,1,False,True,False,False,True,remover_tudo,stemming,split
1,1410,0.614778,0.138410,619.4,tfidf,2,minusculas>stopwords,1,False,True,False,False,False,remover_tudo,nenhuma,split
1,1411,0.614766,0.115481,244.0,tfidf,1,remover_pontuacao>stopwords,1,False,False,False,True,False,preservar_negacoes,nenhuma,split
1,1412,0.614766,0.115481,244.0,tfidf,1,remover_pontuacao>stopwords,1,False,False,False,True,False,preservar_negacoes,nenhuma,regex
1,1413,0.614766,0.115481,244.0,tfidf,1,remover_pontuacao>stopwords,1,False,False,False,True,False,preservar_negacoes,nenhuma,linguistico
1,1414,0.614766,0.115481,241.6,tfidf,1,remover_acentos>remover_pontuacao>stopwords,1,False,False,True,True,False,preservar_negacoes,nenhuma,split
1,1415,0.614766,0.115481,241.6,tfidf,1,remover_acentos>remover_pontuacao>stopwords,1,False,False,True,True,False,preservar_negacoes,nenhuma,regex
1,1416,0.614766,0.115481,241.6,tfidf,1,remover_acentos>remover_pontuacao>stopwords,1,False,False,True,True,False,preservar_negacoes,nenhuma,linguistico
1,1417,0.614722,0.158381,228.8,bow,1,minusculas>remover_pontuacao>remover_numeros>stopwords,1,False,True,False,True,True,remover_tudo,nenhuma,split
1,1418,0.614722,0.158381,228.8,bow,1,minusculas>remover_pontuacao>remover_numeros>stopwords,1,False,True,False,True,True,remover_tudo,nenhuma,regex
1,1419,0.614722,0.158381,228.8,bow,1,minusculas>remover_pontuacao>remover_numeros>stopwords,1,False,True,False,True,True,remover_tudo,nenhuma,linguistico
1,1420,0.614722,0.158381,226.4,bow,1,minusculas>remover_acentos>remover_pontuacao>remover_numeros>stopwords,1,True,True,True,True,True,remover_tudo,nenhuma,split
1,1421,0.614722,0.158381,226.4,bow,1,minusculas>remover_acentos>remover_pontuacao>remover_numeros>stopwords,1,True,True,True,True,True,remover_tudo,nenhuma,regex
1,1422,0.614722,0.158381,226.4,bow,1,minusculas>remover_acentos>remover_pontuacao>remover_numeros>stopwords,1,True,True,True,True,True,remover_tudo,nenhuma,linguistico
1,1423,0.614523,0.080506,226.2,bow,1,remover_acentos>remover_pontuacao>stopwords>morfologia,1,False,False,True,True,False,preservar_negacoes,lematizacao,split
1,1424,0.614523,0.080506,226.2,bow,1,remover_acentos>remover_pontuacao>stopwords>morfologia,1,False,False,True,True,False,preservar_negacoes,lematizacao,regex
1,1425,0.614523,0.080506,226.2,bow,1,remover_acentos>remover_pontuacao>stopwords>morfologia,1,False,False,True,True,False,preservar_negacoes,lematizacao,linguistico
1,1426,0.614412,0.104915,571.4,tfidf,2,minusculas>remover_pontuacao>remover_numeros>stopwords,1,False,True,False,True,True,preservar_negacoes,nenhuma,split
1,1427,0.614412,0.104915,571.4,tfidf,2,minusculas>remover_pontuacao>remover_numeros>stopwords,1,False,True,False,True,True,preservar_negacoes,nenhuma,regex
1,1428,0.614412,0.104915,571.4,tfidf,2,minusculas>remover_pontuacao>remover_numeros>stopwords,1,False,True,False,True,True,preservar_negacoes,nenhuma,linguistico
1,1429,0.613625,0.087108,189.0,bow,1,remover_pontuacao>stopwords>morfologia,1,False,False,False,True,False,remover_tudo,stemming,split
1,1430,0.613625,0.087108,189.0,bow,1,remover_pontuacao>stopwords>morfologia,1,False,False,False,True,False,remover_tudo,stemming,regex
1,1431,0.613625,0.087108,189.0,bow,1,remover_pontuacao>stopwords>morfologia,1,False,False,False,True,False,remover_tudo,stemming,linguistico
1,1432,0.613625,0.087108,189.0,bow,1,minusculas>remover_pontuacao>stopwords>morfologia,1,False,True,False,True,False,remover_tudo,stemming,split
1,1433,0.613625,0.087108,189.0,bow,1,minusculas>remover_pontuacao>stopwords>morfologia,1,False,True,False,True,False,remover_tudo,stemming,regex
1,1434,0.613625,0.087108,189.0,bow,1,minusculas>remover_pontuacao>stopwords>morfologia,1,False,True,False,True,False,remover_tudo,stemming,linguistico
1,1435,0.613066,0.137581,555.2,bow,2,minusculas>remover_acentos>remover_pontuacao>stopwords>morfologia,1,False,True,True,True,False,remover_tudo,lematizacao,split
1,1436,0.613066,0.137581,555.2,bow,2,minusculas>remover_acentos>remover_pontuacao>stopwords>morfologia,1,False,True,True,True,False,remover_tudo,lematizacao,regex
1,1437,0.613066,0.137581,555.2,bow,2,minusculas>remover_acentos>remover_pontuacao>stopwords>morfologia,1,False,True,True,True,False,remover_tudo,lematizacao,linguistico
1,1438,0.613024,0.090315,506.8,tfidf,2,remover_acentos>remover_pontuacao>remover_numeros>stopwords>morfologia,1,False,False,True,True,True,remover_tudo,stemming,split
1,1439,0.613024,0.090315,506.8,tfidf,2,remover_acentos>remover_pontuacao>remover_numeros>stopwords>morfologia,1,False,False,True,True,True,remover_tudo,stemming,regex
1,1440,0.613024,0.090315,506.8,tfidf,2,remover_acentos>remover_pontuacao>remover_numeros>stopwords>morfologia,1,False,False,True,True,True,remover_tudo,stemming,linguistico
1,1441,0.613024,0.090315,506.8,tfidf,2,minusculas>remover_acentos>remover_pontuacao>remover_numeros>stopwords>morfologia,1,True,True,True,True,True,remover_tudo,stemming,split
1,1442,0.613024,0.090315,506.8,tfidf,2,minusculas>remover_acentos>remover_pontuacao>remover_numeros>stopwords>morfologia,1,True,True,True,True,True,remover_tudo,stemming,regex
1,1443,0.613024,0.090315,506.8,tfidf,2,minusculas>remover_acentos>remover_pontuacao>remover_numeros>stopwords>morfologia,1,True,True,True,True,True,remover_tudo,stemming,linguistico
1,1444,0.612824,0.097921,191.2,bow,1,remover_acentos>remover_pontuacao>stopwords>morfologia,1,False,False,True,True,False,remover_tudo,stemming,split
1,1445,0.612824,0.097921,191.2,bow,1,remover_acentos>remover_pontuacao>stopwords>morfologia,1,False,False,True,True,False,remover_tudo,stemming,regex
1,1446,0.612824,0.097921,191.2,bow,1,remover_acentos>remover_pontuacao>stopwords>morfologia,1,False,False,True,True,False,remover_tudo,stemming,linguistico
1,1447,0.612824,0.097921,191.2,bow,1,minusculas>remover_acentos>remover_pontuacao>stopwords>morfologia,1,False,True,True,True,False,remover_tudo,stemming,split
1,1448,0.612824,0.097921,191.2,bow,1,minusculas>remover_acentos>remover_pontuacao>stopwords>morfologia,1,False,True,True,True,False,remover_tudo,stemming,regex
1,1449,0.612824,0.097921,191.2,bow,1,minusculas>remover_acentos>remover_pontuacao>stopwords>morfologia,1,False,True,True,True,False,remover_tudo,stemming,linguistico
1,1450,0.612230,0.068727,544.6,bow,2,remover_pontuacao>remover_numeros>stopwords>morfologia,1,False,False,False,True,True,remover_tudo,lematizacao,split
1,1451,0.612230,0.068727,544.6,bow,2,remover_pontuacao>remover_numeros>stopwords>morfologia,1,False,False,False,True,True,remover_tudo,lematizacao,regex
1,1452,0.612230,0.068727,544.6,bow,2,remover_pontuacao>remover_numeros>stopwords>morfologia,1,False,False,False,True,True,remover_tudo,lematizacao,linguistico
1,1453,0.612046,0.086156,226.2,tfidf,1,remover_acentos>remover_pontuacao>stopwords>morfologia,1,False,False,True,True,False,preservar_negacoes,lematizacao,split
1,1454,0.612046,0.086156,226.2,tfidf,1,remover_acentos>remover_pontuacao>stopwords>morfologia,1,False,False,True,True,False,preservar_negacoes,lematizacao,regex
1,1455,0.612046,0.086156,226.2,tfidf,1,remover_acentos>remover_pontuacao>stopwords>morfologia,1,False,False,True,True,False,preservar_negacoes,lematizacao,linguistico
1,1456,0.611403,0.148811,576.4,bow,2,remover_pontuacao>remover_numeros>stopwords,1,False,False,False,True,True,preservar_negacoes,nenhuma,split
1,1457,0.611403,0.148811,576.4,bow,2,remover_pontuacao>remover_numeros>stopwords,1,False,False,False,True,True,preservar_negacoes,nenhuma,regex
1,1458,0.611403,0.148811,576.4,bow,2,remover_pontuacao>remover_numeros>stopwords,1,False,False,False,True,True,preservar_negacoes,nenhuma,linguistico
1,1459,0.611352,0.115506,179.6,tfidf,1,remover_pontuacao>remover_numeros>stopwords>morfologia,1,False,False,False,True,True,remover_tudo,stemming,split
1,1460,0.611352,0.115506,179.6,tfidf,1,remover_pontuacao>remover_numeros>stopwords>morfologia,1,False,False,False,True,True,remover_tudo,stemming,regex
1,1461,0.611352,0.115506,179.6,tfidf,1,remover_pontuacao>remover_numeros>stopwords>morfologia,1,False,False,False,True,True,remover_tudo,stemming,linguistico
1,1462,0.611352,0.115506,179.6,tfidf,1,minusculas>remover_pontuacao>remover_numeros>stopwords>morfologia,1,False,True,False,True,True,remover_tudo,stemming,split
1,1463,0.611352,0.115506,179.6,tfidf,1,minusculas>remover_pontuacao>remover_numeros>stopwords>morfologia,1,False,True,False,True,True,remover_tudo,stemming,regex
1,1464,0.611352,0.115506,179.6,tfidf,1,minusculas>remover_pontuacao>remover_numeros>stopwords>morfologia,1,False,True,False,True,True,remover_tudo,stemming,linguistico
1,1465,0.610201,0.146086,623.6,bow,2,stopwords,1,False,False,False,False,False,remover_tudo,nenhuma,split
1,1466,0.610143,0.121269,559.0,tfidf,2,remover_acentos>remover_numeros>stopwords>morfologia,1,False,False,True,False,True,remover_tudo,stemming,split
1,1467,0.610143,0.121269,559.0,tfidf,2,minusculas>remover_acentos>remover_numeros>stopwords>morfologia,1,False,True,True,False,True,remover_tudo,stemming,split
1,1468,0.609979,0.101878,557.6,bow,2,remover_acentos>remover_pontuacao>remover_numeros>stopwords>morfologia,1,False,False,True,True,True,preservar_negacoes,lematizacao,split
1,1469,0.609979,0.101878,557.6,bow,2,remover_acentos>remover_pontuacao>remover_numeros>stopwords>morfologia,1,False,False,True,True,True,preservar_negacoes,lematizacao,regex
1,1470,0.609979,0.101878,557.6,bow,2,remover_acentos>remover_pontuacao>remover_numeros>stopwords>morfologia,1,False,False,True,True,True,preservar_negacoes,lematizacao,linguistico
1,1471,0.609809,0.149568,571.4,bow,2,minusculas>remover_pontuacao>remover_numeros>stopwords,1,False,True,False,True,True,preservar_negacoes,nenhuma,split
1,1472,0.609809,0.149568,571.4,bow,2,minusculas>remover_pontuacao>remover_numeros>stopwords,1,False,True,False,True,True,preservar_negacoes,nenhuma,regex
1,1473,0.609809,0.149568,571.4,bow,2,minusculas>remover_pontuacao>remover_numeros>stopwords,1,False,True,False,True,True,preservar_negacoes,nenhuma,linguistico
1,1474,0.609183,0.121237,193.2,tfidf,1,remover_acentos>remover_pontuacao>stopwords>morfologia,1,False,False,True,True,False,preservar_negacoes,stemming,split
1,1475,0.609183,0.121237,193.2,tfidf,1,remover_acentos>remover_pontuacao>stopwords>morfologia,1,False,False,True,True,False,preservar_negacoes,stemming,regex
1,1476,0.609183,0.121237,193.2,tfidf,1,remover_acentos>remover_pontuacao>stopwords>morfologia,1,False,False,True,True,False,preservar_negacoes,stemming,linguistico
1,1477,0.609183,0.121237,193.2,tfidf,1,minusculas>remover_acentos>remover_pontuacao>stopwords>morfologia,1,False,True,True,True,False,preservar_negacoes,stemming,split
1,1478,0.609183,0.121237,193.2,tfidf,1,minusculas>remover_acentos>remover_pontuacao>stopwords>morfologia,1,False,True,True,True,False,preservar_negacoes,stemming,regex
1,1479,0.609183,0.121237,193.2,tfidf,1,minusculas>remover_acentos>remover_pontuacao>stopwords>morfologia,1,False,True,True,True,False,preservar_negacoes,stemming,linguistico
1,1480,0.608173,0.140995,619.6,bow,2,remover_acentos>stopwords,1,False,False,True,False,False,remover_tudo,nenhuma,split
1,1481,0.607964,0.105921,575.6,tfidf,2,remover_pontuacao>stopwords>morfologia,1,False,False,False,True,False,preservar_negacoes,lematizacao,split
1,1482,0.607964,0.105921,575.6,tfidf,2,remover_pontuacao>stopwords>morfologia,1,False,False,False,True,False,preservar_negacoes,lematizacao,regex
1,1483,0.607964,0.105921,575.6,tfidf,2,remover_pontuacao>stopwords>morfologia,1,False,False,False,True,False,preservar_negacoes,lematizacao,linguistico
1,1484,0.607870,0.155420,232.6,bow,1,remover_pontuacao>remover_numeros>stopwords,1,False,False,False,True,True,remover_tudo,nenhuma,split
1,1485,0.607870,0.155420,232.6,bow,1,remover_pontuacao>remover_numeros>stopwords,1,False,False,False,True,True,remover_tudo,nenhuma,regex
1,1486,0.607870,0.155420,232.6,bow,1,remover_pontuacao>remover_numeros>stopwords,1,False,False,False,True,True,remover_tudo,nenhuma,linguistico
1,1487,0.607870,0.155420,230.2,bow,1,remover_acentos>remover_pontuacao>remover_numeros>stopwords,1,False,False,True,True,True,remover_tudo,nenhuma,split
1,1488,0.607870,0.155420,230.2,bow,1,remover_acentos>remover_pontuacao>remover_numeros>stopwords,1,False,False,True,True,True,remover_tudo,nenhuma,regex
1,1489,0.607870,0.155420,230.2,bow,1,remover_acentos>remover_pontuacao>remover_numeros>stopwords,1,False,False,True,True,True,remover_tudo,nenhuma,linguistico
1,1490,0.607858,0.154585,587.6,bow,2,minusculas>remover_acentos>remover_pontuacao>stopwords,1,False,True,True,True,False,preservar_negacoes,nenhuma,split
1,1491,0.607858,0.154585,587.6,bow,2,minusculas>remover_acentos>remover_pontuacao>stopwords,1,False,True,True,True,False,preservar_negacoes,nenhuma,regex
1,1492,0.607858,0.154585,587.6,bow,2,minusculas>remover_acentos>remover_pontuacao>stopwords,1,False,True,True,True,False,preservar_negacoes,nenhuma,linguistico
1,1493,0.607171,0.119503,587.6,tfidf,2,minusculas>remover_acentos>remover_pontuacao>stopwords,1,False,True,True,True,False,preservar_negacoes,nenhuma,split
1,1494,0.607171,0.119503,587.6,tfidf,2,minusculas>remover_acentos>remover_pontuacao>stopwords,1,False,True,True,True,False,preservar_negacoes,nenhuma,regex
1,1495,0.607171,0.119503,587.6,tfidf,2,minusculas>remover_acentos>remover_pontuacao>stopwords,1,False,True,True,True,False,preservar_negacoes,nenhuma,linguistico
1,1496,0.607149,0.143123,615.4,tfidf,2,minusculas>remover_acentos>stopwords,1,False,True,True,False,False,remover_tudo,nenhuma,split
1,1497,0.604325,0.163398,235.8,bow,1,minusculas>remover_acentos>remover_pontuacao>stopwords,1,False,True,True,True,False,remover_tudo,nenhuma,split
1,1498,0.604325,0.163398,235.8,bow,1,minusculas>remover_acentos>remover_pontuacao>stopwords,1,False,True,True,True,False,remover_tudo,nenhuma,regex
1,1499,0.604325,0.163398,235.8,bow,1,minusculas>remover_acentos>remover_pontuacao>stopwords,1,False,True,True,True,False,remover_tudo,nenhuma,linguistico
1,1500,0.604107,0.081540,214.8,bow,1,remover_acentos>remover_pontuacao>remover_numeros>stopwords>morfologia,1,False,False,True,True,True,remover_tudo,lematizacao,split
1,1501,0.604107,0.081540,214.8,bow,1,remover_acentos>remover_pontuacao>remover_numeros>stopwords>morfologia,1,False,False,True,True,True,remover_tudo,lematizacao,regex
1,1502,0.604107,0.081540,214.8,bow,1,remover_acentos>remover_pontuacao>remover_numeros>stopwords>morfologia,1,False,False,True,True,True,remover_tudo,lematizacao,linguistico
1,1503,0.602839,0.118017,181.8,tfidf,1,remover_acentos>remover_pontuacao>remover_numeros>stopwords>morfologia,1,False,False,True,True,True,remover_tudo,stemming,split
1,1504,0.602839,0.118017,181.8,tfidf,1,remover_acentos>remover_pontuacao>remover_numeros>stopwords>morfologia,1,False,False,True,True,True,remover_tudo,stemming,regex
1,1505,0.602839,0.118017,181.8,tfidf,1,remover_acentos>remover_pontuacao>remover_numeros>stopwords>morfologia,1,False,False,True,True,True,remover_tudo,stemming,linguistico
1,1506,0.602839,0.118017,181.8,tfidf,1,minusculas>remover_acentos>remover_pontuacao>remover_numeros>stopwords>morfologia,1,True,True,True,True,True,remover_tudo,stemming,split
1,1507,0.602839,0.118017,181.8,tfidf,1,minusculas>remover_acentos>remover_pontuacao>remover_numeros>stopwords>morfologia,1,True,True,True,True,True,remover_tudo,stemming,regex
1,1508,0.602839,0.118017,181.8,tfidf,1,minusculas>remover_acentos>remover_pontuacao>remover_numeros>stopwords>morfologia,1,True,True,True,True,True,remover_tudo,stemming,linguistico
1,1509,0.601947,0.147213,619.4,bow,2,minusculas>stopwords,1,False,True,False,False,False,remover_tudo,nenhuma,split
1,1510,0.601832,0.119951,555.2,tfidf,2,minusculas>remover_acentos>remover_pontuacao>stopwords>morfologia,1,False,True,True,True,False,remover_tudo,lematizacao,split
1,1511,0.601832,0.119951,555.2,tfidf,2,minusculas>remover_acentos>remover_pontuacao>stopwords>morfologia,1,False,True,True,True,False,remover_tudo,lematizacao,regex
1,1512,0.601832,0.119951,555.2,tfidf,2,minusculas>remover_acentos>remover_pontuacao>stopwords>morfologia,1,False,True,True,True,False,remover_tudo,lematizacao,linguistico
1,1513,0.600420,0.139212,615.4,bow,2,minusculas>remover_acentos>stopwords,1,False,True,True,False,False,remover_tudo,nenhuma,split
1,1514,0.599518,0.085546,213.6,tfidf,1,remover_pontuacao>remover_numeros>stopwords>morfologia,1,False,False,False,True,True,remover_tudo,lematizacao,split
1,1515,0.599518,0.085546,213.6,tfidf,1,remover_pontuacao>remover_numeros>stopwords>morfologia,1,False,False,False,True,True,remover_tudo,lematizacao,regex
1,1516,0.599518,0.085546,213.6,tfidf,1,remover_pontuacao>remover_numeros>stopwords>morfologia,1,False,False,False,True,True,remover_tudo,lematizacao,linguistico
1,1517,0.598893,0.098508,213.6,bow,1,remover_pontuacao>remover_numeros>stopwords>morfologia,1,False,False,False,True,True,remover_tudo,lematizacao,split
1,1518,0.598893,0.098508,213.6,bow,1,remover_pontuacao>remover_numeros>stopwords>morfologia,1,False,False,False,True,True,remover_tudo,lematizacao,regex
1,1519,0.598893,0.098508,213.6,bow,1,remover_pontuacao>remover_numeros>stopwords>morfologia,1,False,False,False,True,True,remover_tudo,lematizacao,linguistico
1,1520,0.598600,0.121150,591.6,tfidf,2,minusculas>remover_pontuacao>stopwords,1,False,True,False,True,False,preservar_negacoes,nenhuma,split
1,1521,0.598600,0.121150,591.6,tfidf,2,minusculas>remover_pontuacao>stopwords,1,False,True,False,True,False,preservar_negacoes,nenhuma,regex
1,1522,0.598600,0.121150,591.6,tfidf,2,minusculas>remover_pontuacao>stopwords,1,False,True,False,True,False,preservar_negacoes,nenhuma,linguistico
1,1523,0.597527,0.112409,555.4,bow,2,minusculas>remover_pontuacao>stopwords>morfologia,1,False,True,False,True,False,remover_tudo,lematizacao,split
1,1524,0.597527,0.112409,555.4,bow,2,minusculas>remover_pontuacao>stopwords>morfologia,1,False,True,False,True,False,remover_tudo,lematizacao,regex
1,1525,0.597527,0.112409,555.4,bow,2,minusculas>remover_pontuacao>stopwords>morfologia,1,False,True,False,True,False,remover_tudo,lematizacao,linguistico
1,1526,0.597345,0.131766,592.6,tfidf,2,remover_acentos>remover_pontuacao>stopwords,1,False,False,True,True,False,preservar_negacoes,nenhuma,split
1,1527,0.597345,0.131766,592.6,tfidf,2,remover_acentos>remover_pontuacao>stopwords,1,False,False,True,True,False,preservar_negacoes,nenhuma,regex
1,1528,0.597345,0.131766,592.6,tfidf,2,remover_acentos>remover_pontuacao>stopwords,1,False,False,True,True,False,preservar_negacoes,nenhuma,linguistico
1,1529,0.597259,0.064574,223.0,tfidf,1,remover_pontuacao>stopwords>morfologia,1,False,False,False,True,False,remover_tudo,lematizacao,split
1,1530,0.597259,0.064574,223.0,tfidf,1,remover_pontuacao>stopwords>morfologia,1,False,False,False,True,False,remover_tudo,lematizacao,regex
1,1531,0.597259,0.064574,223.0,tfidf,1,remover_pontuacao>stopwords>morfologia,1,False,False,False,True,False,remover_tudo,lematizacao,linguistico
1,1532,0.596729,0.114802,575.6,bow,2,remover_pontuacao>stopwords>morfologia,1,False,False,False,True,False,preservar_negacoes,lematizacao,split
1,1533,0.596729,0.114802,575.6,bow,2,remover_pontuacao>stopwords>morfologia,1,False,False,False,True,False,preservar_negacoes,lematizacao,regex
1,1534,0.596729,0.114802,575.6,bow,2,remover_pontuacao>stopwords>morfologia,1,False,False,False,True,False,preservar_negacoes,lematizacao,linguistico
1,1535,0.595833,0.154939,238.2,bow,1,minusculas>remover_pontuacao>stopwords,1,False,True,False,True,False,remover_tudo,nenhuma,split
1,1536,0.595833,0.154939,238.2,bow,1,minusculas>remover_pontuacao>stopwords,1,False,True,False,True,False,remover_tudo,nenhuma,regex
1,1537,0.595833,0.154939,238.2,bow,1,minusculas>remover_pontuacao>stopwords,1,False,True,False,True,False,remover_tudo,nenhuma,linguistico
1,1538,0.595692,0.088171,505.0,tfidf,2,remover_pontuacao>remover_numeros>stopwords>morfologia,1,False,False,False,True,True,remover_tudo,stemming,split
1,1539,0.595692,0.088171,505.0,tfidf,2,remover_pontuacao>remover_numeros>stopwords>morfologia,1,False,False,False,True,True,remover_tudo,stemming,regex
1,1540,0.595692,0.088171,505.0,tfidf,2,remover_pontuacao>remover_numeros>stopwords>morfologia,1,False,False,False,True,True,remover_tudo,stemming,linguistico
1,1541,0.595692,0.088171,505.0,tfidf,2,minusculas>remover_pontuacao>remover_numeros>stopwords>morfologia,1,False,True,False,True,True,remover_tudo,stemming,split
1,1542,0.595692,0.088171,505.0,tfidf,2,minusculas>remover_pontuacao>remover_numeros>stopwords>morfologia,1,False,True,False,True,True,remover_tudo,stemming,regex
1,1543,0.595692,0.088171,505.0,tfidf,2,minusculas>remover_pontuacao>remover_numeros>stopwords>morfologia,1,False,True,False,True,True,remover_tudo,stemming,linguistico
1,1544,0.595421,0.116433,527.0,bow,2,remover_acentos>remover_pontuacao>stopwords>morfologia,1,False,False,True,True,False,remover_tudo,stemming,split
1,1545,0.595421,0.116433,527.0,bow,2,remover_acentos>remover_pontuacao>stopwords>morfologia,1,False,False,True,True,False,remover_tudo,stemming,regex
1,1546,0.595421,0.116433,527.0,bow,2,remover_acentos>remover_pontuacao>stopwords>morfologia,1,False,False,True,True,False,remover_tudo,stemming,linguistico
1,1547,0.595421,0.116433,527.0,bow,2,minusculas>remover_acentos>remover_pontuacao>stopwords>morfologia,1,False,True,True,True,False,remover_tudo,stemming,split
1,1548,0.595421,0.116433,527.0,bow,2,minusculas>remover_acentos>remover_pontuacao>stopwords>morfologia,1,False,True,True,True,False,remover_tudo,stemming,regex
1,1549,0.595421,0.116433,527.0,bow,2,minusculas>remover_acentos>remover_pontuacao>stopwords>morfologia,1,False,True,True,True,False,remover_tudo,stemming,linguistico
1,1550,0.595245,0.117832,537.2,tfidf,2,remover_pontuacao>stopwords>morfologia,1,False,False,False,True,False,preservar_negacoes,stemming,split
1,1551,0.595245,0.117832,537.2,tfidf,2,remover_pontuacao>stopwords>morfologia,1,False,False,False,True,False,preservar_negacoes,stemming,regex
1,1552,0.595245,0.117832,537.2,tfidf,2,remover_pontuacao>stopwords>morfologia,1,False,False,False,True,False,preservar_negacoes,stemming,linguistico
1,1553,0.595245,0.117832,537.2,tfidf,2,minusculas>remover_pontuacao>stopwords>morfologia,1,False,True,False,True,False,preservar_negacoes,stemming,split
1,1554,0.595245,0.117832,537.2,tfidf,2,minusculas>remover_pontuacao>stopwords>morfologia,1,False,True,False,True,False,preservar_negacoes,stemming,regex
1,1555,0.595245,0.117832,537.2,tfidf,2,minusculas>remover_pontuacao>stopwords>morfologia,1,False,True,False,True,False,preservar_negacoes,stemming,linguistico
1,1556,0.594606,0.084080,546.2,bow,2,remover_acentos>remover_pontuacao>remover_numeros>stopwords>morfologia,1,False,False,True,True,True,remover_tudo,lematizacao,split
1,1557,0.594606,0.084080,546.2,bow,2,remover_acentos>remover_pontuacao>remover_numeros>stopwords>morfologia,1,False,False,True,True,True,remover_tudo,lematizacao,regex
1,1558,0.594606,0.084080,546.2,bow,2,remover_acentos>remover_pontuacao>remover_numeros>stopwords>morfologia,1,False,False,True,True,True,remover_tudo,lematizacao,linguistico
1,1559,0.593902,0.088030,544.6,tfidf,2,remover_pontuacao>remover_numeros>stopwords>morfologia,1,False,False,False,True,True,remover_tudo,lematizacao,split
1,1560,0.593902,0.088030,544.6,tfidf,2,remover_pontuacao>remover_numeros>stopwords>morfologia,1,False,False,False,True,True,remover_tudo,lematizacao,regex
1,1561,0.593902,0.088030,544.6,tfidf,2,remover_pontuacao>remover_numeros>stopwords>morfologia,1,False,False,False,True,True,remover_tudo,lematizacao,linguistico
1,1562,0.593193,0.072146,224.2,bow,1,remover_acentos>remover_pontuacao>stopwords>morfologia,1,False,False,True,True,False,remover_tudo,lematizacao,split
1,1563,0.593193,0.072146,224.2,bow,1,remover_acentos>remover_pontuacao>stopwords>morfologia,1,False,False,True,True,False,remover_tudo,lematizacao,regex
1,1564,0.593193,0.072146,224.2,bow,1,remover_acentos>remover_pontuacao>stopwords>morfologia,1,False,False,True,True,False,remover_tudo,lematizacao,linguistico
1,1565,0.591989,0.066603,214.8,tfidf,1,remover_acentos>remover_pontuacao>remover_numeros>stopwords>morfologia,1,False,False,True,True,True,remover_tudo,lematizacao,split
1,1566,0.591989,0.066603,214.8,tfidf,1,remover_acentos>remover_pontuacao>remover_numeros>stopwords>morfologia,1,False,False,True,True,True,remover_tudo,lematizacao,regex
1,1567,0.591989,0.066603,214.8,tfidf,1,remover_acentos>remover_pontuacao>remover_numeros>stopwords>morfologia,1,False,False,True,True,True,remover_tudo,lematizacao,linguistico
1,1568,0.591088,0.147303,591.6,bow,2,minusculas>remover_pontuacao>stopwords,1,False,True,False,True,False,preservar_negacoes,nenhuma,split
1,1569,0.591088,0.147303,591.6,bow,2,minusculas>remover_pontuacao>stopwords,1,False,True,False,True,False,preservar_negacoes,nenhuma,regex
1,1570,0.591088,0.147303,591.6,bow,2,minusculas>remover_pontuacao>stopwords,1,False,True,False,True,False,preservar_negacoes,nenhuma,linguistico
1,1571,0.590349,0.154461,592.6,bow,2,remover_acentos>remover_pontuacao>stopwords,1,False,False,True,True,False,preservar_negacoes,nenhuma,split
1,1572,0.590349,0.154461,592.6,bow,2,remover_acentos>remover_pontuacao>stopwords,1,False,False,True,True,False,preservar_negacoes,nenhuma,regex
1,1573,0.590349,0.154461,592.6,bow,2,remover_acentos>remover_pontuacao>stopwords,1,False,False,True,True,False,preservar_negacoes,nenhuma,linguistico
1,1574,0.589558,0.131727,596.6,tfidf,2,remover_pontuacao>stopwords,1,False,False,False,True,False,preservar_negacoes,nenhuma,split
1,1575,0.589558,0.131727,596.6,tfidf,2,remover_pontuacao>stopwords,1,False,False,False,True,False,preservar_negacoes,nenhuma,regex
1,1576,0.589558,0.131727,596.6,tfidf,2,remover_pontuacao>stopwords,1,False,False,False,True,False,preservar_negacoes,nenhuma,linguistico
1,1577,0.588885,0.139959,191.2,tfidf,1,remover_acentos>remover_pontuacao>stopwords>morfologia,1,False,False,True,True,False,remover_tudo,stemming,split
1,1578,0.588885,0.139959,191.2,tfidf,1,remover_acentos>remover_pontuacao>stopwords>morfologia,1,False,False,True,True,False,remover_tudo,stemming,regex
1,1579,0.588885,0.139959,191.2,tfidf,1,remover_acentos>remover_pontuacao>stopwords>morfologia,1,False,False,True,True,False,remover_tudo,stemming,linguistico
1,1580,0.588885,0.139959,191.2,tfidf,1,minusculas>remover_acentos>remover_pontuacao>stopwords>morfologia,1,False,True,True,True,False,remover_tudo,stemming,split
1,1581,0.588885,0.139959,191.2,tfidf,1,minusculas>remover_acentos>remover_pontuacao>stopwords>morfologia,1,False,True,True,True,False,remover_tudo,stemming,regex
1,1582,0.588885,0.139959,191.2,tfidf,1,minusculas>remover_acentos>remover_pontuacao>stopwords>morfologia,1,False,True,True,True,False,remover_tudo,stemming,linguistico
1,1583,0.587875,0.113214,228.8,tfidf,1,minusculas>remover_pontuacao>remover_numeros>stopwords,1,False,True,False,True,True,remover_tudo,nenhuma,split
1,1584,0.587875,0.113214,228.8,tfidf,1,minusculas>remover_pontuacao>remover_numeros>stopwords,1,False,True,False,True,True,remover_tudo,nenhuma,regex
1,1585,0.587875,0.113214,228.8,tfidf,1,minusculas>remover_pontuacao>remover_numeros>stopwords,1,False,True,False,True,True,remover_tudo,nenhuma,linguistico
1,1586,0.587875,0.113214,226.4,tfidf,1,minusculas>remover_acentos>remover_pontuacao>remover_numeros>stopwords,1,True,True,True,True,True,remover_tudo,nenhuma,split
1,1587,0.587875,0.113214,226.4,tfidf,1,minusculas>remover_acentos>remover_pontuacao>remover_numeros>stopwords,1,True,True,True,True,True,remover_tudo,nenhuma,regex
1,1588,0.587875,0.113214,226.4,tfidf,1,minusculas>remover_acentos>remover_pontuacao>remover_numeros>stopwords,1,True,True,True,True,True,remover_tudo,nenhuma,linguistico
1,1589,0.587446,0.102827,557.6,tfidf,2,remover_acentos>remover_pontuacao>remover_numeros>stopwords>morfologia,1,False,False,True,True,True,preservar_negacoes,lematizacao,split
1,1590,0.587446,0.102827,557.6,tfidf,2,remover_acentos>remover_pontuacao>remover_numeros>stopwords>morfologia,1,False,False,True,True,True,preservar_negacoes,lematizacao,regex
1,1591,0.587446,0.102827,557.6,tfidf,2,remover_acentos>remover_pontuacao>remover_numeros>stopwords>morfologia,1,False,False,True,True,True,preservar_negacoes,lematizacao,linguistico
1,1592,0.586874,0.114692,555.4,tfidf,2,minusculas>remover_pontuacao>stopwords>morfologia,1,False,True,False,True,False,remover_tudo,lematizacao,split
1,1593,0.586874,0.114692,555.4,tfidf,2,minusculas>remover_pontuacao>stopwords>morfologia,1,False,True,False,True,False,remover_tudo,lematizacao,regex
1,1594,0.586874,0.114692,555.4,tfidf,2,minusculas>remover_pontuacao>stopwords>morfologia,1,False,True,False,True,False,remover_tudo,lematizacao,linguistico
1,1595,0.586552,0.146257,556.0,bow,2,minusculas>remover_acentos>remover_pontuacao>remover_numeros>stopwords,1,True,True,True,True,True,remover_tudo,nenhuma,split
1,1596,0.586552,0.146257,556.0,bow,2,minusculas>remover_acentos>remover_pontuacao>remover_numeros>stopwords,1,True,True,True,True,True,remover_tudo,nenhuma,regex
1,1597,0.586552,0.146257,556.0,bow,2,minusculas>remover_acentos>remover_pontuacao>remover_numeros>stopwords,1,True,True,True,True,True,remover_tudo,nenhuma,linguistico
1,1598,0.586254,0.120255,238.2,tfidf,1,minusculas>remover_pontuacao>stopwords,1,False,True,False,True,False,remover_tudo,nenhuma,split
1,1599,0.586254,0.120255,238.2,tfidf,1,minusculas>remover_pontuacao>stopwords,1,False,True,False,True,False,remover_tudo,nenhuma,regex
1,1600,0.586254,0.120255,238.2,tfidf,1,minusculas>remover_pontuacao>stopwords,1,False,True,False,True,False,remover_tudo,nenhuma,linguistico
1,1601,0.586254,0.120255,235.8,tfidf,1,minusculas>remover_acentos>remover_pontuacao>stopwords,1,False,True,True,True,False,remover_tudo,nenhuma,split
1,1602,0.586254,0.120255,235.8,tfidf,1,minusculas>remover_acentos>remover_pontuacao>stopwords,1,False,True,True,True,False,remover_tudo,nenhuma,regex
1,1603,0.586254,0.120255,235.8,tfidf,1,minusculas>remover_acentos>remover_pontuacao>stopwords,1,False,True,True,True,False,remover_tudo,nenhuma,linguistico
1,1604,0.586235,0.165485,606.8,tfidf,2,remover_numeros>stopwords,1,False,False,False,False,True,remover_tudo,nenhuma,split
1,1605,0.586235,0.165485,602.6,tfidf,2,minusculas>remover_numeros>stopwords,1,False,True,False,False,True,remover_tudo,nenhuma,split
1,1606,0.585965,0.168646,239.6,bow,1,remover_acentos>remover_pontuacao>stopwords,1,False,False,True,True,False,remover_tudo,nenhuma,split
1,1607,0.585965,0.168646,239.6,bow,1,remover_acentos>remover_pontuacao>stopwords,1,False,False,True,True,False,remover_tudo,nenhuma,regex
1,1608,0.585965,0.168646,239.6,bow,1,remover_acentos>remover_pontuacao>stopwords,1,False,False,True,True,False,remover_tudo,nenhuma,linguistico
1,1609,0.584963,0.109579,577.8,tfidf,2,remover_acentos>remover_pontuacao>stopwords>morfologia,1,False,False,True,True,False,preservar_negacoes,lematizacao,split
1,1610,0.584963,0.109579,577.8,tfidf,2,remover_acentos>remover_pontuacao>stopwords>morfologia,1,False,False,True,True,False,preservar_negacoes,lematizacao,regex
1,1611,0.584963,0.109579,577.8,tfidf,2,remover_acentos>remover_pontuacao>stopwords>morfologia,1,False,False,True,True,False,preservar_negacoes,lematizacao,linguistico
1,1612,0.584157,0.110282,527.0,tfidf,2,remover_acentos>remover_pontuacao>stopwords>morfologia,1,False,False,True,True,False,remover_tudo,stemming,split
1,1613,0.584157,0.110282,527.0,tfidf,2,remover_acentos>remover_pontuacao>stopwords>morfologia,1,False,False,True,True,False,remover_tudo,stemming,regex
1,1614,0.584157,0.110282,527.0,tfidf,2,remover_acentos>remover_pontuacao>stopwords>morfologia,1,False,False,True,True,False,remover_tudo,stemming,linguistico
1,1615,0.584157,0.110282,527.0,tfidf,2,minusculas>remover_acentos>remover_pontuacao>stopwords>morfologia,1,False,True,True,True,False,remover_tudo,stemming,split
1,1616,0.584157,0.110282,527.0,tfidf,2,minusculas>remover_acentos>remover_pontuacao>stopwords>morfologia,1,False,True,True,True,False,remover_tudo,stemming,regex
1,1617,0.584157,0.110282,527.0,tfidf,2,minusculas>remover_acentos>remover_pontuacao>stopwords>morfologia,1,False,True,True,True,False,remover_tudo,stemming,linguistico
1,1618,0.584119,0.063873,224.2,tfidf,1,remover_acentos>remover_pontuacao>stopwords>morfologia,1,False,False,True,True,False,remover_tudo,lematizacao,split
1,1619,0.584119,0.063873,224.2,tfidf,1,remover_acentos>remover_pontuacao>stopwords>morfologia,1,False,False,True,True,False,remover_tudo,lematizacao,regex
1,1620,0.584119,0.063873,224.2,tfidf,1,remover_acentos>remover_pontuacao>stopwords>morfologia,1,False,False,True,True,False,remover_tudo,lematizacao,linguistico
1,1621,0.583796,0.162580,606.8,bow,2,remover_numeros>stopwords,1,False,False,False,False,True,remover_tudo,nenhuma,split
1,1622,0.583796,0.162580,602.6,bow,2,minusculas>remover_numeros>stopwords,1,False,True,False,False,True,remover_tudo,nenhuma,split
1,1623,0.581877,0.114005,232.6,tfidf,1,remover_pontuacao>remover_numeros>stopwords,1,False,False,False,True,True,remover_tudo,nenhuma,split
1,1624,0.581877,0.114005,232.6,tfidf,1,remover_pontuacao>remover_numeros>stopwords,1,False,False,False,True,True,remover_tudo,nenhuma,regex
1,1625,0.581877,0.114005,232.6,tfidf,1,remover_pontuacao>remover_numeros>stopwords,1,False,False,False,True,True,remover_tudo,nenhuma,linguistico
1,1626,0.581877,0.114005,230.2,tfidf,1,remover_acentos>remover_pontuacao>remover_numeros>stopwords,1,False,False,True,True,True,remover_tudo,nenhuma,split
1,1627,0.581877,0.114005,230.2,tfidf,1,remover_acentos>remover_pontuacao>remover_numeros>stopwords,1,False,False,True,True,True,remover_tudo,nenhuma,regex
1,1628,0.581877,0.114005,230.2,tfidf,1,remover_acentos>remover_pontuacao>remover_numeros>stopwords,1,False,False,True,True,True,remover_tudo,nenhuma,linguistico
1,1629,0.581250,0.088858,223.0,bow,1,remover_pontuacao>stopwords>morfologia,1,False,False,False,True,False,remover_tudo,lematizacao,split
1,1630,0.581250,0.088858,223.0,bow,1,remover_pontuacao>stopwords>morfologia,1,False,False,False,True,False,remover_tudo,lematizacao,regex
1,1631,0.581250,0.088858,223.0,bow,1,remover_pontuacao>stopwords>morfologia,1,False,False,False,True,False,remover_tudo,lematizacao,linguistico
1,1632,0.580259,0.121734,525.2,bow,2,remover_pontuacao>stopwords>morfologia,1,False,False,False,True,False,remover_tudo,stemming,split
1,1633,0.580259,0.121734,525.2,bow,2,remover_pontuacao>stopwords>morfologia,1,False,False,False,True,False,remover_tudo,stemming,regex
1,1634,0.580259,0.121734,525.2,bow,2,remover_pontuacao>stopwords>morfologia,1,False,False,False,True,False,remover_tudo,stemming,linguistico
1,1635,0.580259,0.121734,525.2,bow,2,minusculas>remover_pontuacao>stopwords>morfologia,1,False,True,False,True,False,remover_tudo,stemming,split
1,1636,0.580259,0.121734,525.2,bow,2,minusculas>remover_pontuacao>stopwords>morfologia,1,False,True,False,True,False,remover_tudo,stemming,regex
1,1637,0.580259,0.121734,525.2,bow,2,minusculas>remover_pontuacao>stopwords>morfologia,1,False,True,False,True,False,remover_tudo,stemming,linguistico
1,1638,0.579976,0.142103,561.0,bow,2,remover_acentos>remover_pontuacao>remover_numeros>stopwords,1,False,False,True,True,True,remover_tudo,nenhuma,split
1,1639,0.579976,0.142103,561.0,bow,2,remover_acentos>remover_pontuacao>remover_numeros>stopwords,1,False,False,True,True,True,remover_tudo,nenhuma,regex
1,1640,0.579976,0.142103,561.0,bow,2,remover_acentos>remover_pontuacao>remover_numeros>stopwords,1,False,False,True,True,True,remover_tudo,nenhuma,linguistico
1,1641,0.578961,0.147152,560.0,bow,2,minusculas>remover_pontuacao>remover_numeros>stopwords,1,False,True,False,True,True,remover_tudo,nenhuma,split
1,1642,0.578961,0.147152,560.0,bow,2,minusculas>remover_pontuacao>remover_numeros>stopwords,1,False,True,False,True,True,remover_tudo,nenhuma,regex
1,1643,0.578961,0.147152,560.0,bow,2,minusculas>remover_pontuacao>remover_numeros>stopwords,1,False,True,False,True,True,remover_tudo,nenhuma,linguistico
1,1644,0.577473,0.159244,242.0,bow,1,remover_pontuacao>stopwords,1,False,False,False,True,False,remover_tudo,nenhuma,split
1,1645,0.577473,0.159244,242.0,bow,1,remover_pontuacao>stopwords,1,False,False,False,True,False,remover_tudo,nenhuma,regex
1,1646,0.577473,0.159244,242.0,bow,1,remover_pontuacao>stopwords,1,False,False,False,True,False,remover_tudo,nenhuma,linguistico
1,1647,0.576552,0.160399,602.8,tfidf,2,remover_acentos>remover_numeros>stopwords,1,False,False,True,False,True,remover_tudo,nenhuma,split
1,1648,0.576552,0.160399,598.6,tfidf,2,minusculas>remover_acentos>remover_numeros>stopwords,1,False,True,True,False,True,remover_tudo,nenhuma,split
1,1649,0.574698,0.085396,564.8,bow,2,remover_pontuacao>stopwords>morfologia,1,False,False,False,True,False,remover_tudo,lematizacao,split
1,1650,0.574698,0.085396,564.8,bow,2,remover_pontuacao>stopwords>morfologia,1,False,False,False,True,False,remover_tudo,lematizacao,regex
1,1651,0.574698,0.085396,564.8,bow,2,remover_pontuacao>stopwords>morfologia,1,False,False,False,True,False,remover_tudo,lematizacao,linguistico
1,1652,0.574363,0.143723,596.6,bow,2,remover_pontuacao>stopwords,1,False,False,False,True,False,preservar_negacoes,nenhuma,split
1,1653,0.574363,0.143723,596.6,bow,2,remover_pontuacao>stopwords,1,False,False,False,True,False,preservar_negacoes,nenhuma,regex
1,1654,0.574363,0.143723,596.6,bow,2,remover_pontuacao>stopwords,1,False,False,False,True,False,preservar_negacoes,nenhuma,linguistico
1,1655,0.574015,0.154355,602.8,bow,2,remover_acentos>remover_numeros>stopwords,1,False,False,True,False,True,remover_tudo,nenhuma,split
1,1656,0.574015,0.154355,598.6,bow,2,minusculas>remover_acentos>remover_numeros>stopwords,1,False,True,True,False,True,remover_tudo,nenhuma,split
1,1657,0.573864,0.125721,189.0,tfidf,1,remover_pontuacao>stopwords>morfologia,1,False,False,False,True,False,remover_tudo,stemming,split
1,1658,0.573864,0.125721,189.0,tfidf,1,remover_pontuacao>stopwords>morfologia,1,False,False,False,True,False,remover_tudo,stemming,regex
1,1659,0.573864,0.125721,189.0,tfidf,1,remover_pontuacao>stopwords>morfologia,1,False,False,False,True,False,remover_tudo,stemming,linguistico
1,1660,0.573864,0.125721,189.0,tfidf,1,minusculas>remover_pontuacao>stopwords>morfologia,1,False,True,False,True,False,remover_tudo,stemming,split
1,1661,0.573864,0.125721,189.0,tfidf,1,minusculas>remover_pontuacao>stopwords>morfologia,1,False,True,False,True,False,remover_tudo,stemming,regex
1,1662,0.573864,0.125721,189.0,tfidf,1,minusculas>remover_pontuacao>stopwords>morfologia,1,False,True,False,True,False,remover_tudo,stemming,linguistico
1,1663,0.573824,0.117141,577.8,bow,2,remover_acentos>remover_pontuacao>stopwords>morfologia,1,False,False,True,True,False,preservar_negacoes,lematizacao,split
1,1664,0.573824,0.117141,577.8,bow,2,remover_acentos>remover_pontuacao>stopwords>morfologia,1,False,False,True,True,False,preservar_negacoes,lematizacao,regex
1,1665,0.573824,0.117141,577.8,bow,2,remover_acentos>remover_pontuacao>stopwords>morfologia,1,False,False,True,True,False,preservar_negacoes,lematizacao,linguistico
1,1666,0.573038,0.142180,565.0,bow,2,remover_pontuacao>remover_numeros>stopwords,1,False,False,False,True,True,remover_tudo,nenhuma,split
1,1667,0.573038,0.142180,565.0,bow,2,remover_pontuacao>remover_numeros>stopwords,1,False,False,False,True,True,remover_tudo,nenhuma,regex
1,1668,0.573038,0.142180,565.0,bow,2,remover_pontuacao>remover_numeros>stopwords,1,False,False,False,True,True,remover_tudo,nenhuma,linguistico
1,1669,0.567805,0.094811,564.8,tfidf,2,remover_pontuacao>stopwords>morfologia,1,False,False,False,True,False,remover_tudo,lematizacao,split
1,1670,0.567805,0.094811,564.8,tfidf,2,remover_pontuacao>stopwords>morfologia,1,False,False,False,True,False,remover_tudo,lematizacao,regex
1,1671,0.567805,0.094811,564.8,tfidf,2,remover_pontuacao>stopwords>morfologia,1,False,False,False,True,False,remover_tudo,lematizacao,linguistico
1,1672,0.567793,0.108866,561.0,tfidf,2,remover_acentos>remover_pontuacao>remover_numeros>stopwords,1,False,False,True,True,True,remover_tudo,nenhuma,split
1,1673,0.567793,0.108866,561.0,tfidf,2,remover_acentos>remover_pontuacao>remover_numeros>stopwords,1,False,False,True,True,True,remover_tudo,nenhuma,regex
1,1674,0.567793,0.108866,561.0,tfidf,2,remover_acentos>remover_pontuacao>remover_numeros>stopwords,1,False,False,True,True,True,remover_tudo,nenhuma,linguistico
1,1675,0.566846,0.110161,525.2,tfidf,2,remover_pontuacao>stopwords>morfologia,1,False,False,False,True,False,remover_tudo,stemming,split
1,1676,0.566846,0.110161,525.2,tfidf,2,remover_pontuacao>stopwords>morfologia,1,False,False,False,True,False,remover_tudo,stemming,regex
1,1677,0.566846,0.110161,525.2,tfidf,2,remover_pontuacao>stopwords>morfologia,1,False,False,False,True,False,remover_tudo,stemming,linguistico
1,1678,0.566846,0.110161,525.2,tfidf,2,minusculas>remover_pontuacao>stopwords>morfologia,1,False,True,False,True,False,remover_tudo,stemming,split
1,1679,0.566846,0.110161,525.2,tfidf,2,minusculas>remover_pontuacao>stopwords>morfologia,1,False,True,False,True,False,remover_tudo,stemming,regex
1,1680,0.566846,0.110161,525.2,tfidf,2,minusculas>remover_pontuacao>stopwords>morfologia,1,False,True,False,True,False,remover_tudo,stemming,linguistico
1,1681,0.566199,0.109105,556.0,tfidf,2,minusculas>remover_acentos>remover_pontuacao>remover_numeros>stopwords,1,True,True,True,True,True,remover_tudo,nenhuma,split
1,1682,0.566199,0.109105,556.0,tfidf,2,minusculas>remover_acentos>remover_pontuacao>remover_numeros>stopwords,1,True,True,True,True,True,remover_tudo,nenhuma,regex
1,1683,0.566199,0.109105,556.0,tfidf,2,minusculas>remover_acentos>remover_pontuacao>remover_numeros>stopwords,1,True,True,True,True,True,remover_tudo,nenhuma,linguistico
1,1684,0.563657,0.158298,576.2,bow,2,minusculas>remover_acentos>remover_pontuacao>stopwords,1,False,True,True,True,False,remover_tudo,nenhuma,split
1,1685,0.563657,0.158298,576.2,bow,2,minusculas>remover_acentos>remover_pontuacao>stopwords,1,False,True,True,True,False,remover_tudo,nenhuma,regex
1,1686,0.563657,0.158298,576.2,bow,2,minusculas>remover_acentos>remover_pontuacao>stopwords,1,False,True,True,True,False,remover_tudo,nenhuma,linguistico
1,1687,0.560446,0.110921,565.0,tfidf,2,remover_pontuacao>remover_numeros>stopwords,1,False,False,False,True,True,remover_tudo,nenhuma,split
1,1688,0.560446,0.110921,565.0,tfidf,2,remover_pontuacao>remover_numeros>stopwords,1,False,False,False,True,True,remover_tudo,nenhuma,regex
1,1689,0.560446,0.110921,565.0,tfidf,2,remover_pontuacao>remover_numeros>stopwords,1,False,False,False,True,True,remover_tudo,nenhuma,linguistico
1,1690,0.559273,0.078807,546.2,tfidf,2,remover_acentos>remover_pontuacao>remover_numeros>stopwords>morfologia,1,False,False,True,True,True,remover_tudo,lematizacao,split
1,1691,0.559273,0.078807,546.2,tfidf,2,remover_acentos>remover_pontuacao>remover_numeros>stopwords>morfologia,1,False,False,True,True,True,remover_tudo,lematizacao,regex
1,1692,0.559273,0.078807,546.2,tfidf,2,remover_acentos>remover_pontuacao>remover_numeros>stopwords>morfologia,1,False,False,True,True,True,remover_tudo,lematizacao,linguistico
1,1693,0.559223,0.116225,242.0,tfidf,1,remover_pontuacao>stopwords,1,False,False,False,True,False,remover_tudo,nenhuma,split
1,1694,0.559223,0.116225,242.0,tfidf,1,remover_pontuacao>stopwords,1,False,False,False,True,False,remover_tudo,nenhuma,regex
1,1695,0.559223,0.116225,242.0,tfidf,1,remover_pontuacao>stopwords,1,False,False,False,True,False,remover_tudo,nenhuma,linguistico
1,1696,0.559223,0.116225,239.6,tfidf,1,remover_acentos>remover_pontuacao>stopwords,1,False,False,True,True,False,remover_tudo,nenhuma,split
1,1697,0.559223,0.116225,239.6,tfidf,1,remover_acentos>remover_pontuacao>stopwords,1,False,False,True,True,False,remover_tudo,nenhuma,regex
1,1698,0.559223,0.116225,239.6,tfidf,1,remover_acentos>remover_pontuacao>stopwords,1,False,False,True,True,False,remover_tudo,nenhuma,linguistico
1,1699,0.558489,0.095524,566.4,bow,2,remover_acentos>remover_pontuacao>stopwords>morfologia,1,False,False,True,True,False,remover_tudo,lematizacao,split
1,1700,0.558489,0.095524,566.4,bow,2,remover_acentos>remover_pontuacao>stopwords>morfologia,1,False,False,True,True,False,remover_tudo,lematizacao,regex
1,1701,0.558489,0.095524,566.4,bow,2,remover_acentos>remover_pontuacao>stopwords>morfologia,1,False,False,True,True,False,remover_tudo,lematizacao,linguistico
1,1702,0.558068,0.112095,560.0,tfidf,2,minusculas>remover_pontuacao>remover_numeros>stopwords,1,False,True,False,True,True,remover_tudo,nenhuma,split
1,1703,0.558068,0.112095,560.0,tfidf,2,minusculas>remover_pontuacao>remover_numeros>stopwords,1,False,True,False,True,True,remover_tudo,nenhuma,regex
1,1704,0.558068,0.112095,560.0,tfidf,2,minusculas>remover_pontuacao>remover_numeros>stopwords,1,False,True,False,True,True,remover_tudo,nenhuma,linguistico
1,1705,0.557036,0.087564,566.4,tfidf,2,remover_acentos>remover_pontuacao>stopwords>morfologia,1,False,False,True,True,False,remover_tudo,lematizacao,split
1,1706,0.557036,0.087564,566.4,tfidf,2,remover_acentos>remover_pontuacao>stopwords>morfologia,1,False,False,True,True,False,remover_tudo,lematizacao,regex
1,1707,0.557036,0.087564,566.4,tfidf,2,remover_acentos>remover_pontuacao>stopwords>morfologia,1,False,False,True,True,False,remover_tudo,lematizacao,linguistico
1,1708,0.553744,0.164131,581.2,bow,2,remover_acentos>remover_pontuacao>stopwords,1,False,False,True,True,False,remover_tudo,nenhuma,split
1,1709,0.553744,0.164131,581.2,bow,2,remover_acentos>remover_pontuacao>stopwords,1,False,False,True,True,False,remover_tudo,nenhuma,regex
1,1710,0.553744,0.164131,581.2,bow,2,remover_acentos>remover_pontuacao>stopwords,1,False,False,True,True,False,remover_tudo,nenhuma,linguistico
1,1711,0.547033,0.148118,580.2,bow,2,minusculas>remover_pontuacao>stopwords,1,False,True,False,True,False,remover_tudo,nenhuma,split
1,1712,0.547033,0.148118,580.2,bow,2,minusculas>remover_pontuacao>stopwords,1,False,True,False,True,False,remover_tudo,nenhuma,regex
1,1713,0.547033,0.148118,580.2,bow,2,minusculas>remover_pontuacao>stopwords,1,False,True,False,True,False,remover_tudo,nenhuma,linguistico
1,1714,0.542161,0.112045,576.2,tfidf,2,minusculas>remover_acentos>remover_pontuacao>stopwords,1,False,True,True,True,False,remover_tudo,nenhuma,split
1,1715,0.542161,0.112045,576.2,tfidf,2,minusculas>remover_acentos>remover_pontuacao>stopwords,1,False,True,True,True,False,remover_tudo,nenhuma,regex
1,1716,0.542161,0.112045,576.2,tfidf,2,minusculas>remover_acentos>remover_pontuacao>stopwords,1,False,True,True,True,False,remover_tudo,nenhuma,linguistico
1,1717,0.537904,0.152348,585.2,bow,2,remover_pontuacao>stopwords,1,False,False,False,True,False,remover_tudo,nenhuma,split
1,1718,0.537904,0.152348,585.2,bow,2,remover_pontuacao>stopwords,1,False,False,False,True,False,remover_tudo,nenhuma,regex
1,1719,0.537904,0.152348,585.2,bow,2,remover_pontuacao>stopwords,1,False,False,False,True,False,remover_tudo,nenhuma,linguistico
1,1720,0.534302,0.112674,580.2,tfidf,2,minusculas>remover_pontuacao>stopwords,1,False,True,False,True,False,remover_tudo,nenhuma,split
1,1721,0.534302,0.112674,580.2,tfidf,2,minusculas>remover_pontuacao>stopwords,1,False,True,False,True,False,remover_tudo,nenhuma,regex
1,1722,0.534302,0.112674,580.2,tfidf,2,minusculas>remover_pontuacao>stopwords,1,False,True,False,True,False,remover_tudo,nenhuma,linguistico
1,1723,0.532785,0.121429,581.2,tfidf,2,remover_acentos>remover_pontuacao>stopwords,1,False,False,True,True,False,remover_tudo,nenhuma,split
1,1724,0.532785,0.121429,581.2,tfidf,2,remover_acentos>remover_pontuacao>stopwords,1,False,False,True,True,False,remover_tudo,nenhuma,regex
1,1725,0.532785,0.121429,581.2,tfidf,2,remover_acentos>remover_pontuacao>stopwords,1,False,False,True,True,False,remover_tudo,nenhuma,linguistico
1,1726,0.525939,0.120160,585.2,tfidf,2,remover_pontuacao>stopwords,1,False,False,False,True,False,remover_tudo,nenhuma,split
1,1727,0.525939,0.120160,585.2,tfidf,2,remover_pontuacao>stopwords,1,False,False,False,True,False,remover_tudo,nenhuma,regex
1,1728,0.525939,0.120160,585.2,tfidf,2,remover_pontuacao>stopwords,1,False,False,False,True,False,remover_tudo,nenhuma,linguistico
